"","Species","Site","detection","num.samples","Sppcode","Diet","sitecov1"
"1","Acridotheres tristis","ADS1",0,10,35,0,1
"2","Acridotheres tristis","ADS3",2,10,35,0,0
"3","Acridotheres tristis","BD1",4,10,35,0,1
"4","Acridotheres tristis","BD2",4,10,35,0,0
"5","Acridotheres tristis","BD6",7,10,35,0,0
"6","Acridotheres tristis","BDC1",1,10,35,0,1
"7","Acridotheres tristis","BDC2",6,10,35,0,0
"8","Acridotheres tristis","BDC3",2,10,35,0,0
"9","Acridotheres tristis","BDC4",0,10,35,0,0
"10","Acridotheres tristis","BDC6",0,10,35,0,0
"11","Acridotheres tristis","BDC8",0,10,35,0,1
"12","Acridotheres tristis","BN1",0,10,35,0,1
"13","Acridotheres tristis","BN2",1,10,35,0,0
"14","Acridotheres tristis","BNC1",6,10,35,0,1
"15","Acridotheres tristis","BNC2",4,10,35,0,0
"16","Acridotheres tristis","BNC3",5,10,35,0,1
"17","Acridotheres tristis","CHC1",6,10,35,0,0
"18","Acridotheres tristis","CHC2",4,10,35,0,0
"19","Acridotheres tristis","CHC3",4,10,35,0,1
"20","Acridotheres tristis","CHC4",3,10,35,0,1
"21","Acridotheres tristis","CHC5",5,10,35,0,0
"22","Acridotheres tristis","CHC7",0,10,35,0,0
"23","Acridotheres tristis","CHS1",3,10,35,0,1
"24","Acridotheres tristis","CHS2",2,10,35,0,0
"25","Acridotheres tristis","CHS4",1,10,35,0,1
"26","Acridotheres tristis","CHS6",5,10,35,0,0
"27","Acridotheres tristis","MDC1",4,10,35,0,1
"28","Acridotheres tristis","MDS2",3,10,35,0,1
"29","Acridotheres tristis","MDS3",0,10,35,0,0
"30","Acridotheres tristis","MDS4",5,10,35,0,0
"31","Acridotheres tristis","TTC1",0,10,35,0,1
"32","Acridotheres tristis","TTC2",2,10,35,0,0
"33","Acridotheres tristis","TTS1",0,10,35,0,1
"34","Acridotheres tristis","TTS2",5,10,35,0,0
"35","Acro sp.","ADS1",0,10,27,1,1
"36","Acro sp.","ADS3",0,10,27,1,0
"37","Acro sp.","BD1",0,10,27,1,1
"38","Acro sp.","BD2",4,10,27,1,0
"39","Acro sp.","BD6",0,10,27,1,0
"40","Acro sp.","BDC1",0,10,27,1,1
"41","Acro sp.","BDC2",0,10,27,1,0
"42","Acro sp.","BDC3",0,10,27,1,0
"43","Acro sp.","BDC4",0,10,27,1,0
"44","Acro sp.","BDC6",0,10,27,1,0
"45","Acro sp.","BDC8",0,10,27,1,1
"46","Acro sp.","BN1",0,10,27,1,1
"47","Acro sp.","BN2",2,10,27,1,0
"48","Acro sp.","BNC1",0,10,27,1,1
"49","Acro sp.","BNC2",0,10,27,1,0
"50","Acro sp.","BNC3",0,10,27,1,1
"51","Acro sp.","CHC1",0,10,27,1,0
"52","Acro sp.","CHC2",0,10,27,1,0
"53","Acro sp.","CHC3",0,10,27,1,1
"54","Acro sp.","CHC4",0,10,27,1,1
"55","Acro sp.","CHC5",0,10,27,1,0
"56","Acro sp.","CHC7",0,10,27,1,0
"57","Acro sp.","CHS1",4,10,27,1,1
"58","Acro sp.","CHS2",1,10,27,1,0
"59","Acro sp.","CHS4",1,10,27,1,1
"60","Acro sp.","CHS6",0,10,27,1,0
"61","Acro sp.","MDC1",2,10,27,1,1
"62","Acro sp.","MDS2",1,10,27,1,1
"63","Acro sp.","MDS3",2,10,27,1,0
"64","Acro sp.","MDS4",0,10,27,1,0
"65","Acro sp.","TTC1",0,10,27,1,1
"66","Acro sp.","TTC2",0,10,27,1,0
"67","Acro sp.","TTS1",0,10,27,1,1
"68","Acro sp.","TTS2",5,10,27,1,0
"69","Amaurornis phoenicurus","ADS1",0,10,30,0,1
"70","Amaurornis phoenicurus","ADS3",0,10,30,0,0
"71","Amaurornis phoenicurus","BD1",0,10,30,0,1
"72","Amaurornis phoenicurus","BD2",0,10,30,0,0
"73","Amaurornis phoenicurus","BD6",0,10,30,0,0
"74","Amaurornis phoenicurus","BDC1",0,10,30,0,1
"75","Amaurornis phoenicurus","BDC2",0,10,30,0,0
"76","Amaurornis phoenicurus","BDC3",0,10,30,0,0
"77","Amaurornis phoenicurus","BDC4",0,10,30,0,0
"78","Amaurornis phoenicurus","BDC6",0,10,30,0,0
"79","Amaurornis phoenicurus","BDC8",0,10,30,0,1
"80","Amaurornis phoenicurus","BN1",0,10,30,0,1
"81","Amaurornis phoenicurus","BN2",1,10,30,0,0
"82","Amaurornis phoenicurus","BNC1",0,10,30,0,1
"83","Amaurornis phoenicurus","BNC2",0,10,30,0,0
"84","Amaurornis phoenicurus","BNC3",0,10,30,0,1
"85","Amaurornis phoenicurus","CHC1",0,10,30,0,0
"86","Amaurornis phoenicurus","CHC2",0,10,30,0,0
"87","Amaurornis phoenicurus","CHC3",0,10,30,0,1
"88","Amaurornis phoenicurus","CHC4",0,10,30,0,1
"89","Amaurornis phoenicurus","CHC5",0,10,30,0,0
"90","Amaurornis phoenicurus","CHC7",0,10,30,0,0
"91","Amaurornis phoenicurus","CHS1",1,10,30,0,1
"92","Amaurornis phoenicurus","CHS2",0,10,30,0,0
"93","Amaurornis phoenicurus","CHS4",0,10,30,0,1
"94","Amaurornis phoenicurus","CHS6",0,10,30,0,0
"95","Amaurornis phoenicurus","MDC1",0,10,30,0,1
"96","Amaurornis phoenicurus","MDS2",5,10,30,0,1
"97","Amaurornis phoenicurus","MDS3",0,10,30,0,0
"98","Amaurornis phoenicurus","MDS4",5,10,30,0,0
"99","Amaurornis phoenicurus","TTC1",0,10,30,0,1
"100","Amaurornis phoenicurus","TTC2",0,10,30,0,0
"101","Amaurornis phoenicurus","TTS1",0,10,30,0,1
"102","Amaurornis phoenicurus","TTS2",0,10,30,0,0
"103","Anas poecilorhyncha","ADS1",0,10,45,1,1
"104","Anas poecilorhyncha","ADS3",0,10,45,1,0
"105","Anas poecilorhyncha","BD1",0,10,45,1,1
"106","Anas poecilorhyncha","BD2",0,10,45,1,0
"107","Anas poecilorhyncha","BD6",0,10,45,1,0
"108","Anas poecilorhyncha","BDC1",0,10,45,1,1
"109","Anas poecilorhyncha","BDC2",0,10,45,1,0
"110","Anas poecilorhyncha","BDC3",0,10,45,1,0
"111","Anas poecilorhyncha","BDC4",0,10,45,1,0
"112","Anas poecilorhyncha","BDC6",0,10,45,1,0
"113","Anas poecilorhyncha","BDC8",0,10,45,1,1
"114","Anas poecilorhyncha","BN1",0,10,45,1,1
"115","Anas poecilorhyncha","BN2",0,10,45,1,0
"116","Anas poecilorhyncha","BNC1",0,10,45,1,1
"117","Anas poecilorhyncha","BNC2",0,10,45,1,0
"118","Anas poecilorhyncha","BNC3",0,10,45,1,1
"119","Anas poecilorhyncha","CHC1",0,10,45,1,0
"120","Anas poecilorhyncha","CHC2",0,10,45,1,0
"121","Anas poecilorhyncha","CHC3",0,10,45,1,1
"122","Anas poecilorhyncha","CHC4",0,10,45,1,1
"123","Anas poecilorhyncha","CHC5",0,10,45,1,0
"124","Anas poecilorhyncha","CHC7",0,10,45,1,0
"125","Anas poecilorhyncha","CHS1",0,10,45,1,1
"126","Anas poecilorhyncha","CHS2",0,10,45,1,0
"127","Anas poecilorhyncha","CHS4",0,10,45,1,1
"128","Anas poecilorhyncha","CHS6",0,10,45,1,0
"129","Anas poecilorhyncha","MDC1",0,10,45,1,1
"130","Anas poecilorhyncha","MDS2",1,10,45,1,1
"131","Anas poecilorhyncha","MDS3",0,10,45,1,0
"132","Anas poecilorhyncha","MDS4",0,10,45,1,0
"133","Anas poecilorhyncha","TTC1",0,10,45,1,1
"134","Anas poecilorhyncha","TTC2",0,10,45,1,0
"135","Anas poecilorhyncha","TTS1",0,10,45,1,1
"136","Anas poecilorhyncha","TTS2",0,10,45,1,0
"137","Burhinus oedicnemus","ADS1",4,10,9,0,1
"138","Burhinus oedicnemus","ADS3",2,10,9,0,0
"139","Burhinus oedicnemus","BD1",0,10,9,0,1
"140","Burhinus oedicnemus","BD2",0,10,9,0,0
"141","Burhinus oedicnemus","BD6",0,10,9,0,0
"142","Burhinus oedicnemus","BDC1",0,10,9,0,1
"143","Burhinus oedicnemus","BDC2",0,10,9,0,0
"144","Burhinus oedicnemus","BDC3",0,10,9,0,0
"145","Burhinus oedicnemus","BDC4",0,10,9,0,0
"146","Burhinus oedicnemus","BDC6",0,10,9,0,0
"147","Burhinus oedicnemus","BDC8",0,10,9,0,1
"148","Burhinus oedicnemus","BN1",3,10,9,0,1
"149","Burhinus oedicnemus","BN2",2,10,9,0,0
"150","Burhinus oedicnemus","BNC1",0,10,9,0,1
"151","Burhinus oedicnemus","BNC2",0,10,9,0,0
"152","Burhinus oedicnemus","BNC3",0,10,9,0,1
"153","Burhinus oedicnemus","CHC1",0,10,9,0,0
"154","Burhinus oedicnemus","CHC2",0,10,9,0,0
"155","Burhinus oedicnemus","CHC3",0,10,9,0,1
"156","Burhinus oedicnemus","CHC4",0,10,9,0,1
"157","Burhinus oedicnemus","CHC5",0,10,9,0,0
"158","Burhinus oedicnemus","CHC7",0,10,9,0,0
"159","Burhinus oedicnemus","CHS1",0,10,9,0,1
"160","Burhinus oedicnemus","CHS2",2,10,9,0,0
"161","Burhinus oedicnemus","CHS4",0,10,9,0,1
"162","Burhinus oedicnemus","CHS6",0,10,9,0,0
"163","Burhinus oedicnemus","MDC1",0,10,9,0,1
"164","Burhinus oedicnemus","MDS2",0,10,9,0,1
"165","Burhinus oedicnemus","MDS3",0,10,9,0,0
"166","Burhinus oedicnemus","MDS4",1,10,9,0,0
"167","Burhinus oedicnemus","TTC1",0,10,9,0,1
"168","Burhinus oedicnemus","TTC2",0,10,9,0,0
"169","Burhinus oedicnemus","TTS1",0,10,9,0,1
"170","Burhinus oedicnemus","TTS2",0,10,9,0,0
"171","Centropus sinensis","ADS1",0,10,19,1,1
"172","Centropus sinensis","ADS3",0,10,19,1,0
"173","Centropus sinensis","BD1",0,10,19,1,1
"174","Centropus sinensis","BD2",1,10,19,1,0
"175","Centropus sinensis","BD6",0,10,19,1,0
"176","Centropus sinensis","BDC1",0,10,19,1,1
"177","Centropus sinensis","BDC2",0,10,19,1,0
"178","Centropus sinensis","BDC3",0,10,19,1,0
"179","Centropus sinensis","BDC4",0,10,19,1,0
"180","Centropus sinensis","BDC6",0,10,19,1,0
"181","Centropus sinensis","BDC8",2,10,19,1,1
"182","Centropus sinensis","BN1",2,10,19,1,1
"183","Centropus sinensis","BN2",2,10,19,1,0
"184","Centropus sinensis","BNC1",0,10,19,1,1
"185","Centropus sinensis","BNC2",0,10,19,1,0
"186","Centropus sinensis","BNC3",0,10,19,1,1
"187","Centropus sinensis","CHC1",0,10,19,1,0
"188","Centropus sinensis","CHC2",0,10,19,1,0
"189","Centropus sinensis","CHC3",0,10,19,1,1
"190","Centropus sinensis","CHC4",0,10,19,1,1
"191","Centropus sinensis","CHC5",0,10,19,1,0
"192","Centropus sinensis","CHC7",0,10,19,1,0
"193","Centropus sinensis","CHS1",0,10,19,1,1
"194","Centropus sinensis","CHS2",0,10,19,1,0
"195","Centropus sinensis","CHS4",0,10,19,1,1
"196","Centropus sinensis","CHS6",4,10,19,1,0
"197","Centropus sinensis","MDC1",0,10,19,1,1
"198","Centropus sinensis","MDS2",1,10,19,1,1
"199","Centropus sinensis","MDS3",0,10,19,1,0
"200","Centropus sinensis","MDS4",0,10,19,1,0
"201","Centropus sinensis","TTC1",0,10,19,1,1
"202","Centropus sinensis","TTC2",0,10,19,1,0
"203","Centropus sinensis","TTS1",4,10,19,1,1
"204","Centropus sinensis","TTS2",2,10,19,1,0
"205","Cisticola juncidis","ADS1",0,10,44,0,1
"206","Cisticola juncidis","ADS3",0,10,44,0,0
"207","Cisticola juncidis","BD1",0,10,44,0,1
"208","Cisticola juncidis","BD2",0,10,44,0,0
"209","Cisticola juncidis","BD6",0,10,44,0,0
"210","Cisticola juncidis","BDC1",0,10,44,0,1
"211","Cisticola juncidis","BDC2",0,10,44,0,0
"212","Cisticola juncidis","BDC3",0,10,44,0,0
"213","Cisticola juncidis","BDC4",0,10,44,0,0
"214","Cisticola juncidis","BDC6",0,10,44,0,0
"215","Cisticola juncidis","BDC8",0,10,44,0,1
"216","Cisticola juncidis","BN1",0,10,44,0,1
"217","Cisticola juncidis","BN2",1,10,44,0,0
"218","Cisticola juncidis","BNC1",0,10,44,0,1
"219","Cisticola juncidis","BNC2",0,10,44,0,0
"220","Cisticola juncidis","BNC3",0,10,44,0,1
"221","Cisticola juncidis","CHC1",0,10,44,0,0
"222","Cisticola juncidis","CHC2",4,10,44,0,0
"223","Cisticola juncidis","CHC3",0,10,44,0,1
"224","Cisticola juncidis","CHC4",0,10,44,0,1
"225","Cisticola juncidis","CHC5",0,10,44,0,0
"226","Cisticola juncidis","CHC7",0,10,44,0,0
"227","Cisticola juncidis","CHS1",0,10,44,0,1
"228","Cisticola juncidis","CHS2",0,10,44,0,0
"229","Cisticola juncidis","CHS4",1,10,44,0,1
"230","Cisticola juncidis","CHS6",0,10,44,0,0
"231","Cisticola juncidis","MDC1",0,10,44,0,1
"232","Cisticola juncidis","MDS2",0,10,44,0,1
"233","Cisticola juncidis","MDS3",0,10,44,0,0
"234","Cisticola juncidis","MDS4",0,10,44,0,0
"235","Cisticola juncidis","TTC1",0,10,44,0,1
"236","Cisticola juncidis","TTC2",0,10,44,0,0
"237","Cisticola juncidis","TTS1",0,10,44,0,1
"238","Cisticola juncidis","TTS2",0,10,44,0,0
"239","Corvus macrorhynchos","ADS1",0,10,36,0,1
"240","Corvus macrorhynchos","ADS3",2,10,36,0,0
"241","Corvus macrorhynchos","BD1",1,10,36,0,1
"242","Corvus macrorhynchos","BD2",4,10,36,0,0
"243","Corvus macrorhynchos","BD6",0,10,36,0,0
"244","Corvus macrorhynchos","BDC1",1,10,36,0,1
"245","Corvus macrorhynchos","BDC2",0,10,36,0,0
"246","Corvus macrorhynchos","BDC3",3,10,36,0,0
"247","Corvus macrorhynchos","BDC4",0,10,36,0,0
"248","Corvus macrorhynchos","BDC6",0,10,36,0,0
"249","Corvus macrorhynchos","BDC8",0,10,36,0,1
"250","Corvus macrorhynchos","BN1",0,10,36,0,1
"251","Corvus macrorhynchos","BN2",0,10,36,0,0
"252","Corvus macrorhynchos","BNC1",1,10,36,0,1
"253","Corvus macrorhynchos","BNC2",5,10,36,0,0
"254","Corvus macrorhynchos","BNC3",0,10,36,0,1
"255","Corvus macrorhynchos","CHC1",1,10,36,0,0
"256","Corvus macrorhynchos","CHC2",1,10,36,0,0
"257","Corvus macrorhynchos","CHC3",0,10,36,0,1
"258","Corvus macrorhynchos","CHC4",0,10,36,0,1
"259","Corvus macrorhynchos","CHC5",0,10,36,0,0
"260","Corvus macrorhynchos","CHC7",0,10,36,0,0
"261","Corvus macrorhynchos","CHS1",1,10,36,0,1
"262","Corvus macrorhynchos","CHS2",4,10,36,0,0
"263","Corvus macrorhynchos","CHS4",0,10,36,0,1
"264","Corvus macrorhynchos","CHS6",6,10,36,0,0
"265","Corvus macrorhynchos","MDC1",0,10,36,0,1
"266","Corvus macrorhynchos","MDS2",6,10,36,0,1
"267","Corvus macrorhynchos","MDS3",0,10,36,0,0
"268","Corvus macrorhynchos","MDS4",1,10,36,0,0
"269","Corvus macrorhynchos","TTC1",1,10,36,0,1
"270","Corvus macrorhynchos","TTC2",0,10,36,0,0
"271","Corvus macrorhynchos","TTS1",3,10,36,0,1
"272","Corvus macrorhynchos","TTS2",1,10,36,0,0
"273","Coturnix coromandelica","ADS1",9,10,39,0,1
"274","Coturnix coromandelica","ADS3",8,10,39,0,0
"275","Coturnix coromandelica","BD1",0,10,39,0,1
"276","Coturnix coromandelica","BD2",0,10,39,0,0
"277","Coturnix coromandelica","BD6",7,10,39,0,0
"278","Coturnix coromandelica","BDC1",0,10,39,0,1
"279","Coturnix coromandelica","BDC2",6,10,39,0,0
"280","Coturnix coromandelica","BDC3",10,10,39,0,0
"281","Coturnix coromandelica","BDC4",10,10,39,0,0
"282","Coturnix coromandelica","BDC6",9,10,39,0,0
"283","Coturnix coromandelica","BDC8",8,10,39,0,1
"284","Coturnix coromandelica","BN1",0,10,39,0,1
"285","Coturnix coromandelica","BN2",0,10,39,0,0
"286","Coturnix coromandelica","BNC1",0,10,39,0,1
"287","Coturnix coromandelica","BNC2",2,10,39,0,0
"288","Coturnix coromandelica","BNC3",0,10,39,0,1
"289","Coturnix coromandelica","CHC1",0,10,39,0,0
"290","Coturnix coromandelica","CHC2",2,10,39,0,0
"291","Coturnix coromandelica","CHC3",10,10,39,0,1
"292","Coturnix coromandelica","CHC4",6,10,39,0,1
"293","Coturnix coromandelica","CHC5",8,10,39,0,0
"294","Coturnix coromandelica","CHC7",0,10,39,0,0
"295","Coturnix coromandelica","CHS1",0,10,39,0,1
"296","Coturnix coromandelica","CHS2",4,10,39,0,0
"297","Coturnix coromandelica","CHS4",8,10,39,0,1
"298","Coturnix coromandelica","CHS6",4,10,39,0,0
"299","Coturnix coromandelica","MDC1",0,10,39,0,1
"300","Coturnix coromandelica","MDS2",0,10,39,0,1
"301","Coturnix coromandelica","MDS3",0,10,39,0,0
"302","Coturnix coromandelica","MDS4",0,10,39,0,0
"303","Coturnix coromandelica","TTC1",9,10,39,0,1
"304","Coturnix coromandelica","TTC2",7,10,39,0,0
"305","Coturnix coromandelica","TTS1",6,10,39,0,1
"306","Coturnix coromandelica","TTS2",5,10,39,0,0
"307","Cuculus varius","ADS1",4,10,33,0,1
"308","Cuculus varius","ADS3",0,10,33,0,0
"309","Cuculus varius","BD1",1,10,33,0,1
"310","Cuculus varius","BD2",4,10,33,0,0
"311","Cuculus varius","BD6",0,10,33,0,0
"312","Cuculus varius","BDC1",0,10,33,0,1
"313","Cuculus varius","BDC2",9,10,33,0,0
"314","Cuculus varius","BDC3",1,10,33,0,0
"315","Cuculus varius","BDC4",0,10,33,0,0
"316","Cuculus varius","BDC6",0,10,33,0,0
"317","Cuculus varius","BDC8",6,10,33,0,1
"318","Cuculus varius","BN1",0,10,33,0,1
"319","Cuculus varius","BN2",0,10,33,0,0
"320","Cuculus varius","BNC1",0,10,33,0,1
"321","Cuculus varius","BNC2",0,10,33,0,0
"322","Cuculus varius","BNC3",0,10,33,0,1
"323","Cuculus varius","CHC1",0,10,33,0,0
"324","Cuculus varius","CHC2",0,10,33,0,0
"325","Cuculus varius","CHC3",0,10,33,0,1
"326","Cuculus varius","CHC4",0,10,33,0,1
"327","Cuculus varius","CHC5",1,10,33,0,0
"328","Cuculus varius","CHC7",0,10,33,0,0
"329","Cuculus varius","CHS1",0,10,33,0,1
"330","Cuculus varius","CHS2",0,10,33,0,0
"331","Cuculus varius","CHS4",0,10,33,0,1
"332","Cuculus varius","CHS6",0,10,33,0,0
"333","Cuculus varius","MDC1",0,10,33,0,1
"334","Cuculus varius","MDS2",0,10,33,0,1
"335","Cuculus varius","MDS3",0,10,33,0,0
"336","Cuculus varius","MDS4",0,10,33,0,0
"337","Cuculus varius","TTC1",0,10,33,0,1
"338","Cuculus varius","TTC2",3,10,33,0,0
"339","Cuculus varius","TTS1",0,10,33,0,1
"340","Cuculus varius","TTS2",7,10,33,0,0
"341","Dicrurus macrocercus","ADS1",3,10,20,0,1
"342","Dicrurus macrocercus","ADS3",5,10,20,0,0
"343","Dicrurus macrocercus","BD1",3,10,20,0,1
"344","Dicrurus macrocercus","BD2",1,10,20,0,0
"345","Dicrurus macrocercus","BD6",1,10,20,0,0
"346","Dicrurus macrocercus","BDC1",1,10,20,0,1
"347","Dicrurus macrocercus","BDC2",0,10,20,0,0
"348","Dicrurus macrocercus","BDC3",4,10,20,0,0
"349","Dicrurus macrocercus","BDC4",0,10,20,0,0
"350","Dicrurus macrocercus","BDC6",4,10,20,0,0
"351","Dicrurus macrocercus","BDC8",2,10,20,0,1
"352","Dicrurus macrocercus","BN1",2,10,20,0,1
"353","Dicrurus macrocercus","BN2",0,10,20,0,0
"354","Dicrurus macrocercus","BNC1",2,10,20,0,1
"355","Dicrurus macrocercus","BNC2",6,10,20,0,0
"356","Dicrurus macrocercus","BNC3",2,10,20,0,1
"357","Dicrurus macrocercus","CHC1",2,10,20,0,0
"358","Dicrurus macrocercus","CHC2",5,10,20,0,0
"359","Dicrurus macrocercus","CHC3",2,10,20,0,1
"360","Dicrurus macrocercus","CHC4",0,10,20,0,1
"361","Dicrurus macrocercus","CHC5",2,10,20,0,0
"362","Dicrurus macrocercus","CHC7",0,10,20,0,0
"363","Dicrurus macrocercus","CHS1",4,10,20,0,1
"364","Dicrurus macrocercus","CHS2",6,10,20,0,0
"365","Dicrurus macrocercus","CHS4",1,10,20,0,1
"366","Dicrurus macrocercus","CHS6",3,10,20,0,0
"367","Dicrurus macrocercus","MDC1",3,10,20,0,1
"368","Dicrurus macrocercus","MDS2",5,10,20,0,1
"369","Dicrurus macrocercus","MDS3",5,10,20,0,0
"370","Dicrurus macrocercus","MDS4",4,10,20,0,0
"371","Dicrurus macrocercus","TTC1",3,10,20,0,1
"372","Dicrurus macrocercus","TTC2",0,10,20,0,0
"373","Dicrurus macrocercus","TTS1",5,10,20,0,1
"374","Dicrurus macrocercus","TTS2",0,10,20,0,0
"375","Dinopium benghalense","ADS1",0,10,47,0,1
"376","Dinopium benghalense","ADS3",0,10,47,0,0
"377","Dinopium benghalense","BD1",0,10,47,0,1
"378","Dinopium benghalense","BD2",0,10,47,0,0
"379","Dinopium benghalense","BD6",0,10,47,0,0
"380","Dinopium benghalense","BDC1",0,10,47,0,1
"381","Dinopium benghalense","BDC2",0,10,47,0,0
"382","Dinopium benghalense","BDC3",0,10,47,0,0
"383","Dinopium benghalense","BDC4",0,10,47,0,0
"384","Dinopium benghalense","BDC6",0,10,47,0,0
"385","Dinopium benghalense","BDC8",0,10,47,0,1
"386","Dinopium benghalense","BN1",0,10,47,0,1
"387","Dinopium benghalense","BN2",0,10,47,0,0
"388","Dinopium benghalense","BNC1",0,10,47,0,1
"389","Dinopium benghalense","BNC2",0,10,47,0,0
"390","Dinopium benghalense","BNC3",0,10,47,0,1
"391","Dinopium benghalense","CHC1",0,10,47,0,0
"392","Dinopium benghalense","CHC2",0,10,47,0,0
"393","Dinopium benghalense","CHC3",0,10,47,0,1
"394","Dinopium benghalense","CHC4",0,10,47,0,1
"395","Dinopium benghalense","CHC5",0,10,47,0,0
"396","Dinopium benghalense","CHC7",0,10,47,0,0
"397","Dinopium benghalense","CHS1",0,10,47,0,1
"398","Dinopium benghalense","CHS2",0,10,47,0,0
"399","Dinopium benghalense","CHS4",0,10,47,0,1
"400","Dinopium benghalense","CHS6",0,10,47,0,0
"401","Dinopium benghalense","MDC1",0,10,47,0,1
"402","Dinopium benghalense","MDS2",0,10,47,0,1
"403","Dinopium benghalense","MDS3",0,10,47,0,0
"404","Dinopium benghalense","MDS4",0,10,47,0,0
"405","Dinopium benghalense","TTC1",0,10,47,0,1
"406","Dinopium benghalense","TTC2",0,10,47,0,0
"407","Dinopium benghalense","TTS1",3,10,47,0,1
"408","Dinopium benghalense","TTS2",0,10,47,0,0
"409","Eremopterix griseus","ADS1",5,10,17,0,1
"410","Eremopterix griseus","ADS3",0,10,17,0,0
"411","Eremopterix griseus","BD1",3,10,17,0,1
"412","Eremopterix griseus","BD2",0,10,17,0,0
"413","Eremopterix griseus","BD6",0,10,17,0,0
"414","Eremopterix griseus","BDC1",0,10,17,0,1
"415","Eremopterix griseus","BDC2",0,10,17,0,0
"416","Eremopterix griseus","BDC3",0,10,17,0,0
"417","Eremopterix griseus","BDC4",0,10,17,0,0
"418","Eremopterix griseus","BDC6",0,10,17,0,0
"419","Eremopterix griseus","BDC8",0,10,17,0,1
"420","Eremopterix griseus","BN1",2,10,17,0,1
"421","Eremopterix griseus","BN2",1,10,17,0,0
"422","Eremopterix griseus","BNC1",0,10,17,0,1
"423","Eremopterix griseus","BNC2",0,10,17,0,0
"424","Eremopterix griseus","BNC3",0,10,17,0,1
"425","Eremopterix griseus","CHC1",0,10,17,0,0
"426","Eremopterix griseus","CHC2",0,10,17,0,0
"427","Eremopterix griseus","CHC3",0,10,17,0,1
"428","Eremopterix griseus","CHC4",0,10,17,0,1
"429","Eremopterix griseus","CHC5",0,10,17,0,0
"430","Eremopterix griseus","CHC7",0,10,17,0,0
"431","Eremopterix griseus","CHS1",3,10,17,0,1
"432","Eremopterix griseus","CHS2",1,10,17,0,0
"433","Eremopterix griseus","CHS4",1,10,17,0,1
"434","Eremopterix griseus","CHS6",4,10,17,0,0
"435","Eremopterix griseus","MDC1",0,10,17,0,1
"436","Eremopterix griseus","MDS2",0,10,17,0,1
"437","Eremopterix griseus","MDS3",0,10,17,0,0
"438","Eremopterix griseus","MDS4",0,10,17,0,0
"439","Eremopterix griseus","TTC1",0,10,17,0,1
"440","Eremopterix griseus","TTC2",0,10,17,0,0
"441","Eremopterix griseus","TTS1",0,10,17,0,1
"442","Eremopterix griseus","TTS2",1,10,17,0,0
"443","Eudynamys scolopaceus","ADS1",2,10,37,0,1
"444","Eudynamys scolopaceus","ADS3",0,10,37,0,0
"445","Eudynamys scolopaceus","BD1",0,10,37,0,1
"446","Eudynamys scolopaceus","BD2",4,10,37,0,0
"447","Eudynamys scolopaceus","BD6",5,10,37,0,0
"448","Eudynamys scolopaceus","BDC1",0,10,37,0,1
"449","Eudynamys scolopaceus","BDC2",0,10,37,0,0
"450","Eudynamys scolopaceus","BDC3",3,10,37,0,0
"451","Eudynamys scolopaceus","BDC4",7,10,37,0,0
"452","Eudynamys scolopaceus","BDC6",3,10,37,0,0
"453","Eudynamys scolopaceus","BDC8",1,10,37,0,1
"454","Eudynamys scolopaceus","BN1",6,10,37,0,1
"455","Eudynamys scolopaceus","BN2",0,10,37,0,0
"456","Eudynamys scolopaceus","BNC1",0,10,37,0,1
"457","Eudynamys scolopaceus","BNC2",0,10,37,0,0
"458","Eudynamys scolopaceus","BNC3",0,10,37,0,1
"459","Eudynamys scolopaceus","CHC1",4,10,37,0,0
"460","Eudynamys scolopaceus","CHC2",0,10,37,0,0
"461","Eudynamys scolopaceus","CHC3",2,10,37,0,1
"462","Eudynamys scolopaceus","CHC4",0,10,37,0,1
"463","Eudynamys scolopaceus","CHC5",0,10,37,0,0
"464","Eudynamys scolopaceus","CHC7",0,10,37,0,0
"465","Eudynamys scolopaceus","CHS1",3,10,37,0,1
"466","Eudynamys scolopaceus","CHS2",1,10,37,0,0
"467","Eudynamys scolopaceus","CHS4",5,10,37,0,1
"468","Eudynamys scolopaceus","CHS6",0,10,37,0,0
"469","Eudynamys scolopaceus","MDC1",0,10,37,0,1
"470","Eudynamys scolopaceus","MDS2",0,10,37,0,1
"471","Eudynamys scolopaceus","MDS3",0,10,37,0,0
"472","Eudynamys scolopaceus","MDS4",0,10,37,0,0
"473","Eudynamys scolopaceus","TTC1",6,10,37,0,1
"474","Eudynamys scolopaceus","TTC2",1,10,37,0,0
"475","Eudynamys scolopaceus","TTS1",7,10,37,0,1
"476","Eudynamys scolopaceus","TTS2",3,10,37,0,0
"477","Francolinus pictus","ADS1",0,10,25,1,1
"478","Francolinus pictus","ADS3",0,10,25,1,0
"479","Francolinus pictus","BD1",0,10,25,1,1
"480","Francolinus pictus","BD2",0,10,25,1,0
"481","Francolinus pictus","BD6",5,10,25,1,0
"482","Francolinus pictus","BDC1",0,10,25,1,1
"483","Francolinus pictus","BDC2",1,10,25,1,0
"484","Francolinus pictus","BDC3",0,10,25,1,0
"485","Francolinus pictus","BDC4",9,10,25,1,0
"486","Francolinus pictus","BDC6",0,10,25,1,0
"487","Francolinus pictus","BDC8",7,10,25,1,1
"488","Francolinus pictus","BN1",0,10,25,1,1
"489","Francolinus pictus","BN2",0,10,25,1,0
"490","Francolinus pictus","BNC1",0,10,25,1,1
"491","Francolinus pictus","BNC2",3,10,25,1,0
"492","Francolinus pictus","BNC3",3,10,25,1,1
"493","Francolinus pictus","CHC1",0,10,25,1,0
"494","Francolinus pictus","CHC2",0,10,25,1,0
"495","Francolinus pictus","CHC3",0,10,25,1,1
"496","Francolinus pictus","CHC4",0,10,25,1,1
"497","Francolinus pictus","CHC5",0,10,25,1,0
"498","Francolinus pictus","CHC7",0,10,25,1,0
"499","Francolinus pictus","CHS1",0,10,25,1,1
"500","Francolinus pictus","CHS2",0,10,25,1,0
"501","Francolinus pictus","CHS4",0,10,25,1,1
"502","Francolinus pictus","CHS6",0,10,25,1,0
"503","Francolinus pictus","MDC1",0,10,25,1,1
"504","Francolinus pictus","MDS2",0,10,25,1,1
"505","Francolinus pictus","MDS3",0,10,25,1,0
"506","Francolinus pictus","MDS4",0,10,25,1,0
"507","Francolinus pictus","TTC1",10,10,25,1,1
"508","Francolinus pictus","TTC2",7,10,25,1,0
"509","Francolinus pictus","TTS1",7,10,25,1,1
"510","Francolinus pictus","TTS2",9,10,25,1,0
"511","Francolinus pondicerianus","ADS1",2,10,12,0,1
"512","Francolinus pondicerianus","ADS3",5,10,12,0,0
"513","Francolinus pondicerianus","BD1",8,10,12,0,1
"514","Francolinus pondicerianus","BD2",9,10,12,0,0
"515","Francolinus pondicerianus","BD6",0,10,12,0,0
"516","Francolinus pondicerianus","BDC1",3,10,12,0,1
"517","Francolinus pondicerianus","BDC2",2,10,12,0,0
"518","Francolinus pondicerianus","BDC3",4,10,12,0,0
"519","Francolinus pondicerianus","BDC4",7,10,12,0,0
"520","Francolinus pondicerianus","BDC6",6,10,12,0,0
"521","Francolinus pondicerianus","BDC8",2,10,12,0,1
"522","Francolinus pondicerianus","BN1",9,10,12,0,1
"523","Francolinus pondicerianus","BN2",4,10,12,0,0
"524","Francolinus pondicerianus","BNC1",6,10,12,0,1
"525","Francolinus pondicerianus","BNC2",9,10,12,0,0
"526","Francolinus pondicerianus","BNC3",2,10,12,0,1
"527","Francolinus pondicerianus","CHC1",6,10,12,0,0
"528","Francolinus pondicerianus","CHC2",2,10,12,0,0
"529","Francolinus pondicerianus","CHC3",2,10,12,0,1
"530","Francolinus pondicerianus","CHC4",5,10,12,0,1
"531","Francolinus pondicerianus","CHC5",6,10,12,0,0
"532","Francolinus pondicerianus","CHC7",2,10,12,0,0
"533","Francolinus pondicerianus","CHS1",8,10,12,0,1
"534","Francolinus pondicerianus","CHS2",5,10,12,0,0
"535","Francolinus pondicerianus","CHS4",9,10,12,0,1
"536","Francolinus pondicerianus","CHS6",6,10,12,0,0
"537","Francolinus pondicerianus","MDC1",5,10,12,0,1
"538","Francolinus pondicerianus","MDS2",6,10,12,0,1
"539","Francolinus pondicerianus","MDS3",4,10,12,0,0
"540","Francolinus pondicerianus","MDS4",8,10,12,0,0
"541","Francolinus pondicerianus","TTC1",2,10,12,0,1
"542","Francolinus pondicerianus","TTC2",4,10,12,0,0
"543","Francolinus pondicerianus","TTS1",7,10,12,0,1
"544","Francolinus pondicerianus","TTS2",5,10,12,0,0
"545","Halcyon smyrnensis","ADS1",0,10,49,0,1
"546","Halcyon smyrnensis","ADS3",0,10,49,0,0
"547","Halcyon smyrnensis","BD1",0,10,49,0,1
"548","Halcyon smyrnensis","BD2",0,10,49,0,0
"549","Halcyon smyrnensis","BD6",0,10,49,0,0
"550","Halcyon smyrnensis","BDC1",0,10,49,0,1
"551","Halcyon smyrnensis","BDC2",0,10,49,0,0
"552","Halcyon smyrnensis","BDC3",0,10,49,0,0
"553","Halcyon smyrnensis","BDC4",0,10,49,0,0
"554","Halcyon smyrnensis","BDC6",0,10,49,0,0
"555","Halcyon smyrnensis","BDC8",1,10,49,0,1
"556","Halcyon smyrnensis","BN1",0,10,49,0,1
"557","Halcyon smyrnensis","BN2",0,10,49,0,0
"558","Halcyon smyrnensis","BNC1",0,10,49,0,1
"559","Halcyon smyrnensis","BNC2",0,10,49,0,0
"560","Halcyon smyrnensis","BNC3",0,10,49,0,1
"561","Halcyon smyrnensis","CHC1",0,10,49,0,0
"562","Halcyon smyrnensis","CHC2",0,10,49,0,0
"563","Halcyon smyrnensis","CHC3",0,10,49,0,1
"564","Halcyon smyrnensis","CHC4",0,10,49,0,1
"565","Halcyon smyrnensis","CHC5",0,10,49,0,0
"566","Halcyon smyrnensis","CHC7",0,10,49,0,0
"567","Halcyon smyrnensis","CHS1",0,10,49,0,1
"568","Halcyon smyrnensis","CHS2",0,10,49,0,0
"569","Halcyon smyrnensis","CHS4",0,10,49,0,1
"570","Halcyon smyrnensis","CHS6",0,10,49,0,0
"571","Halcyon smyrnensis","MDC1",0,10,49,0,1
"572","Halcyon smyrnensis","MDS2",0,10,49,0,1
"573","Halcyon smyrnensis","MDS3",0,10,49,0,0
"574","Halcyon smyrnensis","MDS4",0,10,49,0,0
"575","Halcyon smyrnensis","TTC1",0,10,49,0,1
"576","Halcyon smyrnensis","TTC2",0,10,49,0,0
"577","Halcyon smyrnensis","TTS1",0,10,49,0,1
"578","Halcyon smyrnensis","TTS2",0,10,49,0,0
"579","Hirundo smithii","ADS1",0,10,43,0,1
"580","Hirundo smithii","ADS3",0,10,43,0,0
"581","Hirundo smithii","BD1",0,10,43,0,1
"582","Hirundo smithii","BD2",0,10,43,0,0
"583","Hirundo smithii","BD6",0,10,43,0,0
"584","Hirundo smithii","BDC1",0,10,43,0,1
"585","Hirundo smithii","BDC2",0,10,43,0,0
"586","Hirundo smithii","BDC3",0,10,43,0,0
"587","Hirundo smithii","BDC4",0,10,43,0,0
"588","Hirundo smithii","BDC6",0,10,43,0,0
"589","Hirundo smithii","BDC8",0,10,43,0,1
"590","Hirundo smithii","BN1",0,10,43,0,1
"591","Hirundo smithii","BN2",1,10,43,0,0
"592","Hirundo smithii","BNC1",0,10,43,0,1
"593","Hirundo smithii","BNC2",0,10,43,0,0
"594","Hirundo smithii","BNC3",0,10,43,0,1
"595","Hirundo smithii","CHC1",0,10,43,0,0
"596","Hirundo smithii","CHC2",0,10,43,0,0
"597","Hirundo smithii","CHC3",0,10,43,0,1
"598","Hirundo smithii","CHC4",0,10,43,0,1
"599","Hirundo smithii","CHC5",0,10,43,0,0
"600","Hirundo smithii","CHC7",0,10,43,0,0
"601","Hirundo smithii","CHS1",0,10,43,0,1
"602","Hirundo smithii","CHS2",0,10,43,0,0
"603","Hirundo smithii","CHS4",1,10,43,0,1
"604","Hirundo smithii","CHS6",0,10,43,0,0
"605","Hirundo smithii","MDC1",0,10,43,0,1
"606","Hirundo smithii","MDS2",0,10,43,0,1
"607","Hirundo smithii","MDS3",0,10,43,0,0
"608","Hirundo smithii","MDS4",0,10,43,0,0
"609","Hirundo smithii","TTC1",0,10,43,0,1
"610","Hirundo smithii","TTC2",0,10,43,0,0
"611","Hirundo smithii","TTS1",0,10,43,0,1
"612","Hirundo smithii","TTS2",0,10,43,0,0
"613","Lanius excubitor","ADS1",3,10,38,0,1
"614","Lanius excubitor","ADS3",0,10,38,0,0
"615","Lanius excubitor","BD1",0,10,38,0,1
"616","Lanius excubitor","BD2",1,10,38,0,0
"617","Lanius excubitor","BD6",2,10,38,0,0
"618","Lanius excubitor","BDC1",0,10,38,0,1
"619","Lanius excubitor","BDC2",0,10,38,0,0
"620","Lanius excubitor","BDC3",0,10,38,0,0
"621","Lanius excubitor","BDC4",0,10,38,0,0
"622","Lanius excubitor","BDC6",0,10,38,0,0
"623","Lanius excubitor","BDC8",0,10,38,0,1
"624","Lanius excubitor","BN1",0,10,38,0,1
"625","Lanius excubitor","BN2",0,10,38,0,0
"626","Lanius excubitor","BNC1",0,10,38,0,1
"627","Lanius excubitor","BNC2",0,10,38,0,0
"628","Lanius excubitor","BNC3",0,10,38,0,1
"629","Lanius excubitor","CHC1",0,10,38,0,0
"630","Lanius excubitor","CHC2",0,10,38,0,0
"631","Lanius excubitor","CHC3",0,10,38,0,1
"632","Lanius excubitor","CHC4",1,10,38,0,1
"633","Lanius excubitor","CHC5",0,10,38,0,0
"634","Lanius excubitor","CHC7",0,10,38,0,0
"635","Lanius excubitor","CHS1",3,10,38,0,1
"636","Lanius excubitor","CHS2",0,10,38,0,0
"637","Lanius excubitor","CHS4",0,10,38,0,1
"638","Lanius excubitor","CHS6",2,10,38,0,0
"639","Lanius excubitor","MDC1",0,10,38,0,1
"640","Lanius excubitor","MDS2",0,10,38,0,1
"641","Lanius excubitor","MDS3",0,10,38,0,0
"642","Lanius excubitor","MDS4",3,10,38,0,0
"643","Lanius excubitor","TTC1",0,10,38,0,1
"644","Lanius excubitor","TTC2",0,10,38,0,0
"645","Lanius excubitor","TTS1",1,10,38,0,1
"646","Lanius excubitor","TTS2",1,10,38,0,0
"647","Lanius schach","ADS1",5,10,29,1,1
"648","Lanius schach","ADS3",8,10,29,1,0
"649","Lanius schach","BD1",1,10,29,1,1
"650","Lanius schach","BD2",2,10,29,1,0
"651","Lanius schach","BD6",1,10,29,1,0
"652","Lanius schach","BDC1",0,10,29,1,1
"653","Lanius schach","BDC2",0,10,29,1,0
"654","Lanius schach","BDC3",0,10,29,1,0
"655","Lanius schach","BDC4",0,10,29,1,0
"656","Lanius schach","BDC6",0,10,29,1,0
"657","Lanius schach","BDC8",0,10,29,1,1
"658","Lanius schach","BN1",0,10,29,1,1
"659","Lanius schach","BN2",1,10,29,1,0
"660","Lanius schach","BNC1",0,10,29,1,1
"661","Lanius schach","BNC2",4,10,29,1,0
"662","Lanius schach","BNC3",0,10,29,1,1
"663","Lanius schach","CHC1",0,10,29,1,0
"664","Lanius schach","CHC2",0,10,29,1,0
"665","Lanius schach","CHC3",0,10,29,1,1
"666","Lanius schach","CHC4",3,10,29,1,1
"667","Lanius schach","CHC5",0,10,29,1,0
"668","Lanius schach","CHC7",0,10,29,1,0
"669","Lanius schach","CHS1",0,10,29,1,1
"670","Lanius schach","CHS2",3,10,29,1,0
"671","Lanius schach","CHS4",1,10,29,1,1
"672","Lanius schach","CHS6",3,10,29,1,0
"673","Lanius schach","MDC1",0,10,29,1,1
"674","Lanius schach","MDS2",7,10,29,1,1
"675","Lanius schach","MDS3",4,10,29,1,0
"676","Lanius schach","MDS4",2,10,29,1,0
"677","Lanius schach","TTC1",0,10,29,1,1
"678","Lanius schach","TTC2",0,10,29,1,0
"679","Lanius schach","TTS1",0,10,29,1,1
"680","Lanius schach","TTS2",3,10,29,1,0
"681","Lanius vittatus","ADS1",0,10,21,1,1
"682","Lanius vittatus","ADS3",0,10,21,1,0
"683","Lanius vittatus","BD1",1,10,21,1,1
"684","Lanius vittatus","BD2",2,10,21,1,0
"685","Lanius vittatus","BD6",0,10,21,1,0
"686","Lanius vittatus","BDC1",0,10,21,1,1
"687","Lanius vittatus","BDC2",0,10,21,1,0
"688","Lanius vittatus","BDC3",0,10,21,1,0
"689","Lanius vittatus","BDC4",0,10,21,1,0
"690","Lanius vittatus","BDC6",0,10,21,1,0
"691","Lanius vittatus","BDC8",0,10,21,1,1
"692","Lanius vittatus","BN1",3,10,21,1,1
"693","Lanius vittatus","BN2",0,10,21,1,0
"694","Lanius vittatus","BNC1",0,10,21,1,1
"695","Lanius vittatus","BNC2",0,10,21,1,0
"696","Lanius vittatus","BNC3",0,10,21,1,1
"697","Lanius vittatus","CHC1",0,10,21,1,0
"698","Lanius vittatus","CHC2",0,10,21,1,0
"699","Lanius vittatus","CHC3",0,10,21,1,1
"700","Lanius vittatus","CHC4",0,10,21,1,1
"701","Lanius vittatus","CHC5",0,10,21,1,0
"702","Lanius vittatus","CHC7",0,10,21,1,0
"703","Lanius vittatus","CHS1",2,10,21,1,1
"704","Lanius vittatus","CHS2",3,10,21,1,0
"705","Lanius vittatus","CHS4",0,10,21,1,1
"706","Lanius vittatus","CHS6",0,10,21,1,0
"707","Lanius vittatus","MDC1",0,10,21,1,1
"708","Lanius vittatus","MDS2",5,10,21,1,1
"709","Lanius vittatus","MDS3",0,10,21,1,0
"710","Lanius vittatus","MDS4",3,10,21,1,0
"711","Lanius vittatus","TTC1",0,10,21,1,1
"712","Lanius vittatus","TTC2",0,10,21,1,0
"713","Lanius vittatus","TTS1",2,10,21,1,1
"714","Lanius vittatus","TTS2",0,10,21,1,0
"715","Lonchura malabarica","ADS1",2,10,32,1,1
"716","Lonchura malabarica","ADS3",4,10,32,1,0
"717","Lonchura malabarica","BD1",2,10,32,1,1
"718","Lonchura malabarica","BD2",0,10,32,1,0
"719","Lonchura malabarica","BD6",0,10,32,1,0
"720","Lonchura malabarica","BDC1",0,10,32,1,1
"721","Lonchura malabarica","BDC2",0,10,32,1,0
"722","Lonchura malabarica","BDC3",0,10,32,1,0
"723","Lonchura malabarica","BDC4",0,10,32,1,0
"724","Lonchura malabarica","BDC6",0,10,32,1,0
"725","Lonchura malabarica","BDC8",0,10,32,1,1
"726","Lonchura malabarica","BN1",0,10,32,1,1
"727","Lonchura malabarica","BN2",1,10,32,1,0
"728","Lonchura malabarica","BNC1",0,10,32,1,1
"729","Lonchura malabarica","BNC2",0,10,32,1,0
"730","Lonchura malabarica","BNC3",0,10,32,1,1
"731","Lonchura malabarica","CHC1",0,10,32,1,0
"732","Lonchura malabarica","CHC2",0,10,32,1,0
"733","Lonchura malabarica","CHC3",0,10,32,1,1
"734","Lonchura malabarica","CHC4",0,10,32,1,1
"735","Lonchura malabarica","CHC5",0,10,32,1,0
"736","Lonchura malabarica","CHC7",0,10,32,1,0
"737","Lonchura malabarica","CHS1",0,10,32,1,1
"738","Lonchura malabarica","CHS2",4,10,32,1,0
"739","Lonchura malabarica","CHS4",1,10,32,1,1
"740","Lonchura malabarica","CHS6",2,10,32,1,0
"741","Lonchura malabarica","MDC1",0,10,32,1,1
"742","Lonchura malabarica","MDS2",1,10,32,1,1
"743","Lonchura malabarica","MDS3",0,10,32,1,0
"744","Lonchura malabarica","MDS4",1,10,32,1,0
"745","Lonchura malabarica","TTC1",0,10,32,1,1
"746","Lonchura malabarica","TTC2",0,10,32,1,0
"747","Lonchura malabarica","TTS1",0,10,32,1,1
"748","Lonchura malabarica","TTS2",0,10,32,1,0
"749","Merops orientalis","ADS1",3,10,15,0,1
"750","Merops orientalis","ADS3",0,10,15,0,0
"751","Merops orientalis","BD1",2,10,15,0,1
"752","Merops orientalis","BD2",1,10,15,0,0
"753","Merops orientalis","BD6",2,10,15,0,0
"754","Merops orientalis","BDC1",0,10,15,0,1
"755","Merops orientalis","BDC2",0,10,15,0,0
"756","Merops orientalis","BDC3",0,10,15,0,0
"757","Merops orientalis","BDC4",0,10,15,0,0
"758","Merops orientalis","BDC6",0,10,15,0,0
"759","Merops orientalis","BDC8",0,10,15,0,1
"760","Merops orientalis","BN1",4,10,15,0,1
"761","Merops orientalis","BN2",2,10,15,0,0
"762","Merops orientalis","BNC1",0,10,15,0,1
"763","Merops orientalis","BNC2",0,10,15,0,0
"764","Merops orientalis","BNC3",0,10,15,0,1
"765","Merops orientalis","CHC1",0,10,15,0,0
"766","Merops orientalis","CHC2",0,10,15,0,0
"767","Merops orientalis","CHC3",0,10,15,0,1
"768","Merops orientalis","CHC4",0,10,15,0,1
"769","Merops orientalis","CHC5",0,10,15,0,0
"770","Merops orientalis","CHC7",0,10,15,0,0
"771","Merops orientalis","CHS1",0,10,15,0,1
"772","Merops orientalis","CHS2",0,10,15,0,0
"773","Merops orientalis","CHS4",2,10,15,0,1
"774","Merops orientalis","CHS6",1,10,15,0,0
"775","Merops orientalis","MDC1",0,10,15,0,1
"776","Merops orientalis","MDS2",0,10,15,0,1
"777","Merops orientalis","MDS3",0,10,15,0,0
"778","Merops orientalis","MDS4",0,10,15,0,0
"779","Merops orientalis","TTC1",0,10,15,0,1
"780","Merops orientalis","TTC2",0,10,15,0,0
"781","Merops orientalis","TTS1",2,10,15,0,1
"782","Merops orientalis","TTS2",0,10,15,0,0
"783","Mirafra cantillans","ADS1",0,10,34,1,1
"784","Mirafra cantillans","ADS3",0,10,34,1,0
"785","Mirafra cantillans","BD1",1,10,34,1,1
"786","Mirafra cantillans","BD2",0,10,34,1,0
"787","Mirafra cantillans","BD6",0,10,34,1,0
"788","Mirafra cantillans","BDC1",9,10,34,1,1
"789","Mirafra cantillans","BDC2",10,10,34,1,0
"790","Mirafra cantillans","BDC3",9,10,34,1,0
"791","Mirafra cantillans","BDC4",3,10,34,1,0
"792","Mirafra cantillans","BDC6",9,10,34,1,0
"793","Mirafra cantillans","BDC8",4,10,34,1,1
"794","Mirafra cantillans","BN1",0,10,34,1,1
"795","Mirafra cantillans","BN2",0,10,34,1,0
"796","Mirafra cantillans","BNC1",5,10,34,1,1
"797","Mirafra cantillans","BNC2",0,10,34,1,0
"798","Mirafra cantillans","BNC3",9,10,34,1,1
"799","Mirafra cantillans","CHC1",8,10,34,1,0
"800","Mirafra cantillans","CHC2",8,10,34,1,0
"801","Mirafra cantillans","CHC3",10,10,34,1,1
"802","Mirafra cantillans","CHC4",7,10,34,1,1
"803","Mirafra cantillans","CHC5",6,10,34,1,0
"804","Mirafra cantillans","CHC7",10,10,34,1,0
"805","Mirafra cantillans","CHS1",0,10,34,1,1
"806","Mirafra cantillans","CHS2",0,10,34,1,0
"807","Mirafra cantillans","CHS4",0,10,34,1,1
"808","Mirafra cantillans","CHS6",0,10,34,1,0
"809","Mirafra cantillans","MDC1",4,10,34,1,1
"810","Mirafra cantillans","MDS2",0,10,34,1,1
"811","Mirafra cantillans","MDS3",0,10,34,1,0
"812","Mirafra cantillans","MDS4",0,10,34,1,0
"813","Mirafra cantillans","TTC1",10,10,34,1,1
"814","Mirafra cantillans","TTC2",5,10,34,1,0
"815","Mirafra cantillans","TTS1",0,10,34,1,1
"816","Mirafra cantillans","TTS2",0,10,34,1,0
"817","Mirafra erythroptera","ADS1",8,10,8,0,1
"818","Mirafra erythroptera","ADS3",6,10,8,0,0
"819","Mirafra erythroptera","BD1",7,10,8,0,1
"820","Mirafra erythroptera","BD2",10,10,8,0,0
"821","Mirafra erythroptera","BD6",9,10,8,0,0
"822","Mirafra erythroptera","BDC1",0,10,8,0,1
"823","Mirafra erythroptera","BDC2",0,10,8,0,0
"824","Mirafra erythroptera","BDC3",0,10,8,0,0
"825","Mirafra erythroptera","BDC4",0,10,8,0,0
"826","Mirafra erythroptera","BDC6",0,10,8,0,0
"827","Mirafra erythroptera","BDC8",0,10,8,0,1
"828","Mirafra erythroptera","BN1",9,10,8,0,1
"829","Mirafra erythroptera","BN2",5,10,8,0,0
"830","Mirafra erythroptera","BNC1",0,10,8,0,1
"831","Mirafra erythroptera","BNC2",3,10,8,0,0
"832","Mirafra erythroptera","BNC3",0,10,8,0,1
"833","Mirafra erythroptera","CHC1",0,10,8,0,0
"834","Mirafra erythroptera","CHC2",0,10,8,0,0
"835","Mirafra erythroptera","CHC3",0,10,8,0,1
"836","Mirafra erythroptera","CHC4",0,10,8,0,1
"837","Mirafra erythroptera","CHC5",0,10,8,0,0
"838","Mirafra erythroptera","CHC7",0,10,8,0,0
"839","Mirafra erythroptera","CHS1",7,10,8,0,1
"840","Mirafra erythroptera","CHS2",5,10,8,0,0
"841","Mirafra erythroptera","CHS4",10,10,8,0,1
"842","Mirafra erythroptera","CHS6",6,10,8,0,0
"843","Mirafra erythroptera","MDC1",0,10,8,0,1
"844","Mirafra erythroptera","MDS2",6,10,8,0,1
"845","Mirafra erythroptera","MDS3",3,10,8,0,0
"846","Mirafra erythroptera","MDS4",0,10,8,0,0
"847","Mirafra erythroptera","TTC1",0,10,8,0,1
"848","Mirafra erythroptera","TTC2",0,10,8,0,0
"849","Mirafra erythroptera","TTS1",5,10,8,0,1
"850","Mirafra erythroptera","TTS2",2,10,8,0,0
"851","Nectarinia asiatica","ADS1",6,10,10,1,1
"852","Nectarinia asiatica","ADS3",5,10,10,1,0
"853","Nectarinia asiatica","BD1",9,10,10,1,1
"854","Nectarinia asiatica","BD2",0,10,10,1,0
"855","Nectarinia asiatica","BD6",0,10,10,1,0
"856","Nectarinia asiatica","BDC1",3,10,10,1,1
"857","Nectarinia asiatica","BDC2",3,10,10,1,0
"858","Nectarinia asiatica","BDC3",0,10,10,1,0
"859","Nectarinia asiatica","BDC4",0,10,10,1,0
"860","Nectarinia asiatica","BDC6",0,10,10,1,0
"861","Nectarinia asiatica","BDC8",0,10,10,1,1
"862","Nectarinia asiatica","BN1",8,10,10,1,1
"863","Nectarinia asiatica","BN2",2,10,10,1,0
"864","Nectarinia asiatica","BNC1",0,10,10,1,1
"865","Nectarinia asiatica","BNC2",3,10,10,1,0
"866","Nectarinia asiatica","BNC3",0,10,10,1,1
"867","Nectarinia asiatica","CHC1",0,10,10,1,0
"868","Nectarinia asiatica","CHC2",0,10,10,1,0
"869","Nectarinia asiatica","CHC3",0,10,10,1,1
"870","Nectarinia asiatica","CHC4",0,10,10,1,1
"871","Nectarinia asiatica","CHC5",0,10,10,1,0
"872","Nectarinia asiatica","CHC7",0,10,10,1,0
"873","Nectarinia asiatica","CHS1",0,10,10,1,1
"874","Nectarinia asiatica","CHS2",0,10,10,1,0
"875","Nectarinia asiatica","CHS4",3,10,10,1,1
"876","Nectarinia asiatica","CHS6",1,10,10,1,0
"877","Nectarinia asiatica","MDC1",0,10,10,1,1
"878","Nectarinia asiatica","MDS2",4,10,10,1,1
"879","Nectarinia asiatica","MDS3",6,10,10,1,0
"880","Nectarinia asiatica","MDS4",5,10,10,1,0
"881","Nectarinia asiatica","TTC1",0,10,10,1,1
"882","Nectarinia asiatica","TTC2",0,10,10,1,0
"883","Nectarinia asiatica","TTS1",3,10,10,1,1
"884","Nectarinia asiatica","TTS2",2,10,10,1,0
"885","Pavo cristatus","ADS1",3,10,6,1,1
"886","Pavo cristatus","ADS3",9,10,6,1,0
"887","Pavo cristatus","BD1",0,10,6,1,1
"888","Pavo cristatus","BD2",8,10,6,1,0
"889","Pavo cristatus","BD6",0,10,6,1,0
"890","Pavo cristatus","BDC1",6,10,6,1,1
"891","Pavo cristatus","BDC2",5,10,6,1,0
"892","Pavo cristatus","BDC3",6,10,6,1,0
"893","Pavo cristatus","BDC4",3,10,6,1,0
"894","Pavo cristatus","BDC6",1,10,6,1,0
"895","Pavo cristatus","BDC8",8,10,6,1,1
"896","Pavo cristatus","BN1",9,10,6,1,1
"897","Pavo cristatus","BN2",10,10,6,1,0
"898","Pavo cristatus","BNC1",8,10,6,1,1
"899","Pavo cristatus","BNC2",8,10,6,1,0
"900","Pavo cristatus","BNC3",9,10,6,1,1
"901","Pavo cristatus","CHC1",9,10,6,1,0
"902","Pavo cristatus","CHC2",2,10,6,1,0
"903","Pavo cristatus","CHC3",6,10,6,1,1
"904","Pavo cristatus","CHC4",8,10,6,1,1
"905","Pavo cristatus","CHC5",8,10,6,1,0
"906","Pavo cristatus","CHC7",4,10,6,1,0
"907","Pavo cristatus","CHS1",9,10,6,1,1
"908","Pavo cristatus","CHS2",9,10,6,1,0
"909","Pavo cristatus","CHS4",7,10,6,1,1
"910","Pavo cristatus","CHS6",2,10,6,1,0
"911","Pavo cristatus","MDC1",5,10,6,1,1
"912","Pavo cristatus","MDS2",8,10,6,1,1
"913","Pavo cristatus","MDS3",4,10,6,1,0
"914","Pavo cristatus","MDS4",9,10,6,1,0
"915","Pavo cristatus","TTC1",8,10,6,1,1
"916","Pavo cristatus","TTC2",8,10,6,1,0
"917","Pavo cristatus","TTS1",7,10,6,1,1
"918","Pavo cristatus","TTS2",7,10,6,1,0
"919","Perdicula argoondah","ADS1",2,10,23,0,1
"920","Perdicula argoondah","ADS3",1,10,23,0,0
"921","Perdicula argoondah","BD1",5,10,23,0,1
"922","Perdicula argoondah","BD2",1,10,23,0,0
"923","Perdicula argoondah","BD6",1,10,23,0,0
"924","Perdicula argoondah","BDC1",1,10,23,0,1
"925","Perdicula argoondah","BDC2",0,10,23,0,0
"926","Perdicula argoondah","BDC3",0,10,23,0,0
"927","Perdicula argoondah","BDC4",0,10,23,0,0
"928","Perdicula argoondah","BDC6",0,10,23,0,0
"929","Perdicula argoondah","BDC8",2,10,23,0,1
"930","Perdicula argoondah","BN1",2,10,23,0,1
"931","Perdicula argoondah","BN2",0,10,23,0,0
"932","Perdicula argoondah","BNC1",3,10,23,0,1
"933","Perdicula argoondah","BNC2",6,10,23,0,0
"934","Perdicula argoondah","BNC3",2,10,23,0,1
"935","Perdicula argoondah","CHC1",1,10,23,0,0
"936","Perdicula argoondah","CHC2",4,10,23,0,0
"937","Perdicula argoondah","CHC3",0,10,23,0,1
"938","Perdicula argoondah","CHC4",2,10,23,0,1
"939","Perdicula argoondah","CHC5",4,10,23,0,0
"940","Perdicula argoondah","CHC7",0,10,23,0,0
"941","Perdicula argoondah","CHS1",3,10,23,0,1
"942","Perdicula argoondah","CHS2",2,10,23,0,0
"943","Perdicula argoondah","CHS4",2,10,23,0,1
"944","Perdicula argoondah","CHS6",2,10,23,0,0
"945","Perdicula argoondah","MDC1",3,10,23,0,1
"946","Perdicula argoondah","MDS2",4,10,23,0,1
"947","Perdicula argoondah","MDS3",3,10,23,0,0
"948","Perdicula argoondah","MDS4",4,10,23,0,0
"949","Perdicula argoondah","TTC1",0,10,23,0,1
"950","Perdicula argoondah","TTC2",0,10,23,0,0
"951","Perdicula argoondah","TTS1",0,10,23,0,1
"952","Perdicula argoondah","TTS2",2,10,23,0,0
"953","Pericrocotus cinnamomeus","ADS1",0,10,42,0,1
"954","Pericrocotus cinnamomeus","ADS3",4,10,42,0,0
"955","Pericrocotus cinnamomeus","BD1",0,10,42,0,1
"956","Pericrocotus cinnamomeus","BD2",0,10,42,0,0
"957","Pericrocotus cinnamomeus","BD6",0,10,42,0,0
"958","Pericrocotus cinnamomeus","BDC1",0,10,42,0,1
"959","Pericrocotus cinnamomeus","BDC2",0,10,42,0,0
"960","Pericrocotus cinnamomeus","BDC3",0,10,42,0,0
"961","Pericrocotus cinnamomeus","BDC4",0,10,42,0,0
"962","Pericrocotus cinnamomeus","BDC6",0,10,42,0,0
"963","Pericrocotus cinnamomeus","BDC8",0,10,42,0,1
"964","Pericrocotus cinnamomeus","BN1",0,10,42,0,1
"965","Pericrocotus cinnamomeus","BN2",0,10,42,0,0
"966","Pericrocotus cinnamomeus","BNC1",0,10,42,0,1
"967","Pericrocotus cinnamomeus","BNC2",0,10,42,0,0
"968","Pericrocotus cinnamomeus","BNC3",0,10,42,0,1
"969","Pericrocotus cinnamomeus","CHC1",0,10,42,0,0
"970","Pericrocotus cinnamomeus","CHC2",0,10,42,0,0
"971","Pericrocotus cinnamomeus","CHC3",0,10,42,0,1
"972","Pericrocotus cinnamomeus","CHC4",0,10,42,0,1
"973","Pericrocotus cinnamomeus","CHC5",0,10,42,0,0
"974","Pericrocotus cinnamomeus","CHC7",0,10,42,0,0
"975","Pericrocotus cinnamomeus","CHS1",0,10,42,0,1
"976","Pericrocotus cinnamomeus","CHS2",1,10,42,0,0
"977","Pericrocotus cinnamomeus","CHS4",2,10,42,0,1
"978","Pericrocotus cinnamomeus","CHS6",0,10,42,0,0
"979","Pericrocotus cinnamomeus","MDC1",0,10,42,0,1
"980","Pericrocotus cinnamomeus","MDS2",0,10,42,0,1
"981","Pericrocotus cinnamomeus","MDS3",0,10,42,0,0
"982","Pericrocotus cinnamomeus","MDS4",0,10,42,0,0
"983","Pericrocotus cinnamomeus","TTC1",0,10,42,0,1
"984","Pericrocotus cinnamomeus","TTC2",0,10,42,0,0
"985","Pericrocotus cinnamomeus","TTS1",0,10,42,0,1
"986","Pericrocotus cinnamomeus","TTS2",0,10,42,0,0
"987","Pericrocotus erythropygius","ADS1",0,10,41,0,1
"988","Pericrocotus erythropygius","ADS3",0,10,41,0,0
"989","Pericrocotus erythropygius","BD1",0,10,41,0,1
"990","Pericrocotus erythropygius","BD2",0,10,41,0,0
"991","Pericrocotus erythropygius","BD6",0,10,41,0,0
"992","Pericrocotus erythropygius","BDC1",0,10,41,0,1
"993","Pericrocotus erythropygius","BDC2",0,10,41,0,0
"994","Pericrocotus erythropygius","BDC3",0,10,41,0,0
"995","Pericrocotus erythropygius","BDC4",0,10,41,0,0
"996","Pericrocotus erythropygius","BDC6",0,10,41,0,0
"997","Pericrocotus erythropygius","BDC8",0,10,41,0,1
"998","Pericrocotus erythropygius","BN1",0,10,41,0,1
"999","Pericrocotus erythropygius","BN2",0,10,41,0,0
"1000","Pericrocotus erythropygius","BNC1",0,10,41,0,1
"1001","Pericrocotus erythropygius","BNC2",0,10,41,0,0
"1002","Pericrocotus erythropygius","BNC3",0,10,41,0,1
"1003","Pericrocotus erythropygius","CHC1",0,10,41,0,0
"1004","Pericrocotus erythropygius","CHC2",0,10,41,0,0
"1005","Pericrocotus erythropygius","CHC3",0,10,41,0,1
"1006","Pericrocotus erythropygius","CHC4",0,10,41,0,1
"1007","Pericrocotus erythropygius","CHC5",0,10,41,0,0
"1008","Pericrocotus erythropygius","CHC7",0,10,41,0,0
"1009","Pericrocotus erythropygius","CHS1",2,10,41,0,1
"1010","Pericrocotus erythropygius","CHS2",2,10,41,0,0
"1011","Pericrocotus erythropygius","CHS4",1,10,41,0,1
"1012","Pericrocotus erythropygius","CHS6",0,10,41,0,0
"1013","Pericrocotus erythropygius","MDC1",0,10,41,0,1
"1014","Pericrocotus erythropygius","MDS2",0,10,41,0,1
"1015","Pericrocotus erythropygius","MDS3",0,10,41,0,0
"1016","Pericrocotus erythropygius","MDS4",0,10,41,0,0
"1017","Pericrocotus erythropygius","TTC1",0,10,41,0,1
"1018","Pericrocotus erythropygius","TTC2",0,10,41,0,0
"1019","Pericrocotus erythropygius","TTS1",0,10,41,0,1
"1020","Pericrocotus erythropygius","TTS2",0,10,41,0,0
"1021","Petronia xanthocollis","ADS1",4,10,14,0,1
"1022","Petronia xanthocollis","ADS3",1,10,14,0,0
"1023","Petronia xanthocollis","BD1",3,10,14,0,1
"1024","Petronia xanthocollis","BD2",6,10,14,0,0
"1025","Petronia xanthocollis","BD6",6,10,14,0,0
"1026","Petronia xanthocollis","BDC1",0,10,14,0,1
"1027","Petronia xanthocollis","BDC2",0,10,14,0,0
"1028","Petronia xanthocollis","BDC3",0,10,14,0,0
"1029","Petronia xanthocollis","BDC4",0,10,14,0,0
"1030","Petronia xanthocollis","BDC6",0,10,14,0,0
"1031","Petronia xanthocollis","BDC8",0,10,14,0,1
"1032","Petronia xanthocollis","BN1",6,10,14,0,1
"1033","Petronia xanthocollis","BN2",1,10,14,0,0
"1034","Petronia xanthocollis","BNC1",0,10,14,0,1
"1035","Petronia xanthocollis","BNC2",0,10,14,0,0
"1036","Petronia xanthocollis","BNC3",0,10,14,0,1
"1037","Petronia xanthocollis","CHC1",0,10,14,0,0
"1038","Petronia xanthocollis","CHC2",0,10,14,0,0
"1039","Petronia xanthocollis","CHC3",0,10,14,0,1
"1040","Petronia xanthocollis","CHC4",0,10,14,0,1
"1041","Petronia xanthocollis","CHC5",0,10,14,0,0
"1042","Petronia xanthocollis","CHC7",0,10,14,0,0
"1043","Petronia xanthocollis","CHS1",5,10,14,0,1
"1044","Petronia xanthocollis","CHS2",5,10,14,0,0
"1045","Petronia xanthocollis","CHS4",2,10,14,0,1
"1046","Petronia xanthocollis","CHS6",6,10,14,0,0
"1047","Petronia xanthocollis","MDC1",0,10,14,0,1
"1048","Petronia xanthocollis","MDS2",7,10,14,0,1
"1049","Petronia xanthocollis","MDS3",1,10,14,0,0
"1050","Petronia xanthocollis","MDS4",5,10,14,0,0
"1051","Petronia xanthocollis","TTC1",0,10,14,0,1
"1052","Petronia xanthocollis","TTC2",0,10,14,0,0
"1053","Petronia xanthocollis","TTS1",5,10,14,0,1
"1054","Petronia xanthocollis","TTS2",0,10,14,0,0
"1055","Prinia buchanani","ADS1",8,10,2,0,1
"1056","Prinia buchanani","ADS3",1,10,2,0,0
"1057","Prinia buchanani","BD1",9,10,2,0,1
"1058","Prinia buchanani","BD2",9,10,2,0,0
"1059","Prinia buchanani","BD6",1,10,2,0,0
"1060","Prinia buchanani","BDC1",8,10,2,0,1
"1061","Prinia buchanani","BDC2",3,10,2,0,0
"1062","Prinia buchanani","BDC3",3,10,2,0,0
"1063","Prinia buchanani","BDC4",8,10,2,0,0
"1064","Prinia buchanani","BDC6",2,10,2,0,0
"1065","Prinia buchanani","BDC8",6,10,2,0,1
"1066","Prinia buchanani","BN1",9,10,2,0,1
"1067","Prinia buchanani","BN2",9,10,2,0,0
"1068","Prinia buchanani","BNC1",9,10,2,0,1
"1069","Prinia buchanani","BNC2",7,10,2,0,0
"1070","Prinia buchanani","BNC3",8,10,2,0,1
"1071","Prinia buchanani","CHC1",4,10,2,0,0
"1072","Prinia buchanani","CHC2",5,10,2,0,0
"1073","Prinia buchanani","CHC3",6,10,2,0,1
"1074","Prinia buchanani","CHC4",2,10,2,0,1
"1075","Prinia buchanani","CHC5",7,10,2,0,0
"1076","Prinia buchanani","CHC7",0,10,2,0,0
"1077","Prinia buchanani","CHS1",8,10,2,0,1
"1078","Prinia buchanani","CHS2",8,10,2,0,0
"1079","Prinia buchanani","CHS4",10,10,2,0,1
"1080","Prinia buchanani","CHS6",6,10,2,0,0
"1081","Prinia buchanani","MDC1",2,10,2,0,1
"1082","Prinia buchanani","MDS2",8,10,2,0,1
"1083","Prinia buchanani","MDS3",2,10,2,0,0
"1084","Prinia buchanani","MDS4",4,10,2,0,0
"1085","Prinia buchanani","TTC1",3,10,2,0,1
"1086","Prinia buchanani","TTC2",6,10,2,0,0
"1087","Prinia buchanani","TTS1",5,10,2,0,1
"1088","Prinia buchanani","TTS2",4,10,2,0,0
"1089","Prinia inornata","ADS1",0,10,31,0,1
"1090","Prinia inornata","ADS3",0,10,31,0,0
"1091","Prinia inornata","BD1",0,10,31,0,1
"1092","Prinia inornata","BD2",0,10,31,0,0
"1093","Prinia inornata","BD6",6,10,31,0,0
"1094","Prinia inornata","BDC1",4,10,31,0,1
"1095","Prinia inornata","BDC2",8,10,31,0,0
"1096","Prinia inornata","BDC3",5,10,31,0,0
"1097","Prinia inornata","BDC4",3,10,31,0,0
"1098","Prinia inornata","BDC6",8,10,31,0,0
"1099","Prinia inornata","BDC8",5,10,31,0,1
"1100","Prinia inornata","BN1",0,10,31,0,1
"1101","Prinia inornata","BN2",3,10,31,0,0
"1102","Prinia inornata","BNC1",3,10,31,0,1
"1103","Prinia inornata","BNC2",7,10,31,0,0
"1104","Prinia inornata","BNC3",7,10,31,0,1
"1105","Prinia inornata","CHC1",2,10,31,0,0
"1106","Prinia inornata","CHC2",8,10,31,0,0
"1107","Prinia inornata","CHC3",3,10,31,0,1
"1108","Prinia inornata","CHC4",9,10,31,0,1
"1109","Prinia inornata","CHC5",0,10,31,0,0
"1110","Prinia inornata","CHC7",7,10,31,0,0
"1111","Prinia inornata","CHS1",0,10,31,0,1
"1112","Prinia inornata","CHS2",2,10,31,0,0
"1113","Prinia inornata","CHS4",1,10,31,0,1
"1114","Prinia inornata","CHS6",0,10,31,0,0
"1115","Prinia inornata","MDC1",7,10,31,0,1
"1116","Prinia inornata","MDS2",0,10,31,0,1
"1117","Prinia inornata","MDS3",7,10,31,0,0
"1118","Prinia inornata","MDS4",2,10,31,0,0
"1119","Prinia inornata","TTC1",0,10,31,0,1
"1120","Prinia inornata","TTC2",4,10,31,0,0
"1121","Prinia inornata","TTS1",0,10,31,0,1
"1122","Prinia inornata","TTS2",0,10,31,0,0
"1123","Prinia socialis","ADS1",0,10,28,1,1
"1124","Prinia socialis","ADS3",0,10,28,1,0
"1125","Prinia socialis","BD1",0,10,28,1,1
"1126","Prinia socialis","BD2",0,10,28,1,0
"1127","Prinia socialis","BD6",0,10,28,1,0
"1128","Prinia socialis","BDC1",5,10,28,1,1
"1129","Prinia socialis","BDC2",2,10,28,1,0
"1130","Prinia socialis","BDC3",0,10,28,1,0
"1131","Prinia socialis","BDC4",3,10,28,1,0
"1132","Prinia socialis","BDC6",1,10,28,1,0
"1133","Prinia socialis","BDC8",0,10,28,1,1
"1134","Prinia socialis","BN1",0,10,28,1,1
"1135","Prinia socialis","BN2",2,10,28,1,0
"1136","Prinia socialis","BNC1",0,10,28,1,1
"1137","Prinia socialis","BNC2",2,10,28,1,0
"1138","Prinia socialis","BNC3",0,10,28,1,1
"1139","Prinia socialis","CHC1",1,10,28,1,0
"1140","Prinia socialis","CHC2",0,10,28,1,0
"1141","Prinia socialis","CHC3",2,10,28,1,1
"1142","Prinia socialis","CHC4",0,10,28,1,1
"1143","Prinia socialis","CHC5",0,10,28,1,0
"1144","Prinia socialis","CHC7",1,10,28,1,0
"1145","Prinia socialis","CHS1",0,10,28,1,1
"1146","Prinia socialis","CHS2",0,10,28,1,0
"1147","Prinia socialis","CHS4",3,10,28,1,1
"1148","Prinia socialis","CHS6",0,10,28,1,0
"1149","Prinia socialis","MDC1",0,10,28,1,1
"1150","Prinia socialis","MDS2",0,10,28,1,1
"1151","Prinia socialis","MDS3",1,10,28,1,0
"1152","Prinia socialis","MDS4",0,10,28,1,0
"1153","Prinia socialis","TTC1",0,10,28,1,1
"1154","Prinia socialis","TTC2",0,10,28,1,0
"1155","Prinia socialis","TTS1",0,10,28,1,1
"1156","Prinia socialis","TTS2",6,10,28,1,0
"1157","Psittacula krameri","ADS1",1,10,18,1,1
"1158","Psittacula krameri","ADS3",2,10,18,1,0
"1159","Psittacula krameri","BD1",2,10,18,1,1
"1160","Psittacula krameri","BD2",2,10,18,1,0
"1161","Psittacula krameri","BD6",4,10,18,1,0
"1162","Psittacula krameri","BDC1",0,10,18,1,1
"1163","Psittacula krameri","BDC2",2,10,18,1,0
"1164","Psittacula krameri","BDC3",0,10,18,1,0
"1165","Psittacula krameri","BDC4",0,10,18,1,0
"1166","Psittacula krameri","BDC6",2,10,18,1,0
"1167","Psittacula krameri","BDC8",0,10,18,1,1
"1168","Psittacula krameri","BN1",3,10,18,1,1
"1169","Psittacula krameri","BN2",2,10,18,1,0
"1170","Psittacula krameri","BNC1",2,10,18,1,1
"1171","Psittacula krameri","BNC2",3,10,18,1,0
"1172","Psittacula krameri","BNC3",4,10,18,1,1
"1173","Psittacula krameri","CHC1",4,10,18,1,0
"1174","Psittacula krameri","CHC2",2,10,18,1,0
"1175","Psittacula krameri","CHC3",3,10,18,1,1
"1176","Psittacula krameri","CHC4",0,10,18,1,1
"1177","Psittacula krameri","CHC5",0,10,18,1,0
"1178","Psittacula krameri","CHC7",0,10,18,1,0
"1179","Psittacula krameri","CHS1",2,10,18,1,1
"1180","Psittacula krameri","CHS2",5,10,18,1,0
"1181","Psittacula krameri","CHS4",1,10,18,1,1
"1182","Psittacula krameri","CHS6",2,10,18,1,0
"1183","Psittacula krameri","MDC1",0,10,18,1,1
"1184","Psittacula krameri","MDS2",4,10,18,1,1
"1185","Psittacula krameri","MDS3",0,10,18,1,0
"1186","Psittacula krameri","MDS4",0,10,18,1,0
"1187","Psittacula krameri","TTC1",0,10,18,1,1
"1188","Psittacula krameri","TTC2",0,10,18,1,0
"1189","Psittacula krameri","TTS1",3,10,18,1,1
"1190","Psittacula krameri","TTS2",4,10,18,1,0
"1191","Pycnonotus cafer","ADS1",3,10,3,1,1
"1192","Pycnonotus cafer","ADS3",6,10,3,1,0
"1193","Pycnonotus cafer","BD1",6,10,3,1,1
"1194","Pycnonotus cafer","BD2",7,10,3,1,0
"1195","Pycnonotus cafer","BD6",3,10,3,1,0
"1196","Pycnonotus cafer","BDC1",3,10,3,1,1
"1197","Pycnonotus cafer","BDC2",3,10,3,1,0
"1198","Pycnonotus cafer","BDC3",6,10,3,1,0
"1199","Pycnonotus cafer","BDC4",0,10,3,1,0
"1200","Pycnonotus cafer","BDC6",0,10,3,1,0
"1201","Pycnonotus cafer","BDC8",4,10,3,1,1
"1202","Pycnonotus cafer","BN1",8,10,3,1,1
"1203","Pycnonotus cafer","BN2",3,10,3,1,0
"1204","Pycnonotus cafer","BNC1",5,10,3,1,1
"1205","Pycnonotus cafer","BNC2",3,10,3,1,0
"1206","Pycnonotus cafer","BNC3",7,10,3,1,1
"1207","Pycnonotus cafer","CHC1",4,10,3,1,0
"1208","Pycnonotus cafer","CHC2",4,10,3,1,0
"1209","Pycnonotus cafer","CHC3",2,10,3,1,1
"1210","Pycnonotus cafer","CHC4",3,10,3,1,1
"1211","Pycnonotus cafer","CHC5",4,10,3,1,0
"1212","Pycnonotus cafer","CHC7",1,10,3,1,0
"1213","Pycnonotus cafer","CHS1",7,10,3,1,1
"1214","Pycnonotus cafer","CHS2",7,10,3,1,0
"1215","Pycnonotus cafer","CHS4",1,10,3,1,1
"1216","Pycnonotus cafer","CHS6",3,10,3,1,0
"1217","Pycnonotus cafer","MDC1",6,10,3,1,1
"1218","Pycnonotus cafer","MDS2",7,10,3,1,1
"1219","Pycnonotus cafer","MDS3",7,10,3,1,0
"1220","Pycnonotus cafer","MDS4",3,10,3,1,0
"1221","Pycnonotus cafer","TTC1",2,10,3,1,1
"1222","Pycnonotus cafer","TTC2",6,10,3,1,0
"1223","Pycnonotus cafer","TTS1",6,10,3,1,1
"1224","Pycnonotus cafer","TTS2",5,10,3,1,0
"1225","Pycnonotus leucotis","ADS1",0,10,16,0,1
"1226","Pycnonotus leucotis","ADS3",0,10,16,0,0
"1227","Pycnonotus leucotis","BD1",0,10,16,0,1
"1228","Pycnonotus leucotis","BD2",0,10,16,0,0
"1229","Pycnonotus leucotis","BD6",0,10,16,0,0
"1230","Pycnonotus leucotis","BDC1",0,10,16,0,1
"1231","Pycnonotus leucotis","BDC2",0,10,16,0,0
"1232","Pycnonotus leucotis","BDC3",0,10,16,0,0
"1233","Pycnonotus leucotis","BDC4",0,10,16,0,0
"1234","Pycnonotus leucotis","BDC6",0,10,16,0,0
"1235","Pycnonotus leucotis","BDC8",0,10,16,0,1
"1236","Pycnonotus leucotis","BN1",2,10,16,0,1
"1237","Pycnonotus leucotis","BN2",0,10,16,0,0
"1238","Pycnonotus leucotis","BNC1",0,10,16,0,1
"1239","Pycnonotus leucotis","BNC2",0,10,16,0,0
"1240","Pycnonotus leucotis","BNC3",0,10,16,0,1
"1241","Pycnonotus leucotis","CHC1",0,10,16,0,0
"1242","Pycnonotus leucotis","CHC2",0,10,16,0,0
"1243","Pycnonotus leucotis","CHC3",0,10,16,0,1
"1244","Pycnonotus leucotis","CHC4",0,10,16,0,1
"1245","Pycnonotus leucotis","CHC5",0,10,16,0,0
"1246","Pycnonotus leucotis","CHC7",0,10,16,0,0
"1247","Pycnonotus leucotis","CHS1",0,10,16,0,1
"1248","Pycnonotus leucotis","CHS2",0,10,16,0,0
"1249","Pycnonotus leucotis","CHS4",0,10,16,0,1
"1250","Pycnonotus leucotis","CHS6",0,10,16,0,0
"1251","Pycnonotus leucotis","MDC1",0,10,16,0,1
"1252","Pycnonotus leucotis","MDS2",0,10,16,0,1
"1253","Pycnonotus leucotis","MDS3",0,10,16,0,0
"1254","Pycnonotus leucotis","MDS4",0,10,16,0,0
"1255","Pycnonotus leucotis","TTC1",0,10,16,0,1
"1256","Pycnonotus leucotis","TTC2",0,10,16,0,0
"1257","Pycnonotus leucotis","TTS1",0,10,16,0,1
"1258","Pycnonotus leucotis","TTS2",0,10,16,0,0
"1259","Rhipidura aureola","ADS1",0,10,46,0,1
"1260","Rhipidura aureola","ADS3",2,10,46,0,0
"1261","Rhipidura aureola","BD1",0,10,46,0,1
"1262","Rhipidura aureola","BD2",0,10,46,0,0
"1263","Rhipidura aureola","BD6",0,10,46,0,0
"1264","Rhipidura aureola","BDC1",0,10,46,0,1
"1265","Rhipidura aureola","BDC2",0,10,46,0,0
"1266","Rhipidura aureola","BDC3",0,10,46,0,0
"1267","Rhipidura aureola","BDC4",0,10,46,0,0
"1268","Rhipidura aureola","BDC6",0,10,46,0,0
"1269","Rhipidura aureola","BDC8",0,10,46,0,1
"1270","Rhipidura aureola","BN1",0,10,46,0,1
"1271","Rhipidura aureola","BN2",0,10,46,0,0
"1272","Rhipidura aureola","BNC1",0,10,46,0,1
"1273","Rhipidura aureola","BNC2",0,10,46,0,0
"1274","Rhipidura aureola","BNC3",0,10,46,0,1
"1275","Rhipidura aureola","CHC1",0,10,46,0,0
"1276","Rhipidura aureola","CHC2",0,10,46,0,0
"1277","Rhipidura aureola","CHC3",0,10,46,0,1
"1278","Rhipidura aureola","CHC4",0,10,46,0,1
"1279","Rhipidura aureola","CHC5",0,10,46,0,0
"1280","Rhipidura aureola","CHC7",0,10,46,0,0
"1281","Rhipidura aureola","CHS1",0,10,46,0,1
"1282","Rhipidura aureola","CHS2",0,10,46,0,0
"1283","Rhipidura aureola","CHS4",0,10,46,0,1
"1284","Rhipidura aureola","CHS6",0,10,46,0,0
"1285","Rhipidura aureola","MDC1",0,10,46,0,1
"1286","Rhipidura aureola","MDS2",0,10,46,0,1
"1287","Rhipidura aureola","MDS3",0,10,46,0,0
"1288","Rhipidura aureola","MDS4",0,10,46,0,0
"1289","Rhipidura aureola","TTC1",0,10,46,0,1
"1290","Rhipidura aureola","TTC2",0,10,46,0,0
"1291","Rhipidura aureola","TTS1",8,10,46,0,1
"1292","Rhipidura aureola","TTS2",5,10,46,0,0
"1293","Saxicola caprata","ADS1",0,10,22,1,1
"1294","Saxicola caprata","ADS3",0,10,22,1,0
"1295","Saxicola caprata","BD1",2,10,22,1,1
"1296","Saxicola caprata","BD2",1,10,22,1,0
"1297","Saxicola caprata","BD6",8,10,22,1,0
"1298","Saxicola caprata","BDC1",0,10,22,1,1
"1299","Saxicola caprata","BDC2",0,10,22,1,0
"1300","Saxicola caprata","BDC3",0,10,22,1,0
"1301","Saxicola caprata","BDC4",0,10,22,1,0
"1302","Saxicola caprata","BDC6",0,10,22,1,0
"1303","Saxicola caprata","BDC8",0,10,22,1,1
"1304","Saxicola caprata","BN1",1,10,22,1,1
"1305","Saxicola caprata","BN2",1,10,22,1,0
"1306","Saxicola caprata","BNC1",3,10,22,1,1
"1307","Saxicola caprata","BNC2",0,10,22,1,0
"1308","Saxicola caprata","BNC3",0,10,22,1,1
"1309","Saxicola caprata","CHC1",0,10,22,1,0
"1310","Saxicola caprata","CHC2",0,10,22,1,0
"1311","Saxicola caprata","CHC3",0,10,22,1,1
"1312","Saxicola caprata","CHC4",0,10,22,1,1
"1313","Saxicola caprata","CHC5",0,10,22,1,0
"1314","Saxicola caprata","CHC7",0,10,22,1,0
"1315","Saxicola caprata","CHS1",2,10,22,1,1
"1316","Saxicola caprata","CHS2",2,10,22,1,0
"1317","Saxicola caprata","CHS4",4,10,22,1,1
"1318","Saxicola caprata","CHS6",1,10,22,1,0
"1319","Saxicola caprata","MDC1",0,10,22,1,1
"1320","Saxicola caprata","MDS2",1,10,22,1,1
"1321","Saxicola caprata","MDS3",2,10,22,1,0
"1322","Saxicola caprata","MDS4",3,10,22,1,0
"1323","Saxicola caprata","TTC1",0,10,22,1,1
"1324","Saxicola caprata","TTC2",0,10,22,1,0
"1325","Saxicola caprata","TTS1",0,10,22,1,1
"1326","Saxicola caprata","TTS2",0,10,22,1,0
"1327","Saxicoloides fulicatus","ADS1",3,10,26,0,1
"1328","Saxicoloides fulicatus","ADS3",0,10,26,0,0
"1329","Saxicoloides fulicatus","BD1",0,10,26,0,1
"1330","Saxicoloides fulicatus","BD2",5,10,26,0,0
"1331","Saxicoloides fulicatus","BD6",0,10,26,0,0
"1332","Saxicoloides fulicatus","BDC1",1,10,26,0,1
"1333","Saxicoloides fulicatus","BDC2",0,10,26,0,0
"1334","Saxicoloides fulicatus","BDC3",3,10,26,0,0
"1335","Saxicoloides fulicatus","BDC4",0,10,26,0,0
"1336","Saxicoloides fulicatus","BDC6",2,10,26,0,0
"1337","Saxicoloides fulicatus","BDC8",0,10,26,0,1
"1338","Saxicoloides fulicatus","BN1",0,10,26,0,1
"1339","Saxicoloides fulicatus","BN2",4,10,26,0,0
"1340","Saxicoloides fulicatus","BNC1",0,10,26,0,1
"1341","Saxicoloides fulicatus","BNC2",0,10,26,0,0
"1342","Saxicoloides fulicatus","BNC3",0,10,26,0,1
"1343","Saxicoloides fulicatus","CHC1",4,10,26,0,0
"1344","Saxicoloides fulicatus","CHC2",1,10,26,0,0
"1345","Saxicoloides fulicatus","CHC3",0,10,26,0,1
"1346","Saxicoloides fulicatus","CHC4",0,10,26,0,1
"1347","Saxicoloides fulicatus","CHC5",6,10,26,0,0
"1348","Saxicoloides fulicatus","CHC7",2,10,26,0,0
"1349","Saxicoloides fulicatus","CHS1",9,10,26,0,1
"1350","Saxicoloides fulicatus","CHS2",5,10,26,0,0
"1351","Saxicoloides fulicatus","CHS4",2,10,26,0,1
"1352","Saxicoloides fulicatus","CHS6",8,10,26,0,0
"1353","Saxicoloides fulicatus","MDC1",1,10,26,0,1
"1354","Saxicoloides fulicatus","MDS2",5,10,26,0,1
"1355","Saxicoloides fulicatus","MDS3",6,10,26,0,0
"1356","Saxicoloides fulicatus","MDS4",1,10,26,0,0
"1357","Saxicoloides fulicatus","TTC1",0,10,26,0,1
"1358","Saxicoloides fulicatus","TTC2",0,10,26,0,0
"1359","Saxicoloides fulicatus","TTS1",0,10,26,0,1
"1360","Saxicoloides fulicatus","TTS2",1,10,26,0,0
"1361","Streptopelia decaocto","ADS1",6,10,5,0,1
"1362","Streptopelia decaocto","ADS3",10,10,5,0,0
"1363","Streptopelia decaocto","BD1",7,10,5,0,1
"1364","Streptopelia decaocto","BD2",0,10,5,0,0
"1365","Streptopelia decaocto","BD6",5,10,5,0,0
"1366","Streptopelia decaocto","BDC1",9,10,5,0,1
"1367","Streptopelia decaocto","BDC2",6,10,5,0,0
"1368","Streptopelia decaocto","BDC3",8,10,5,0,0
"1369","Streptopelia decaocto","BDC4",8,10,5,0,0
"1370","Streptopelia decaocto","BDC6",4,10,5,0,0
"1371","Streptopelia decaocto","BDC8",6,10,5,0,1
"1372","Streptopelia decaocto","BN1",7,10,5,0,1
"1373","Streptopelia decaocto","BN2",9,10,5,0,0
"1374","Streptopelia decaocto","BNC1",10,10,5,0,1
"1375","Streptopelia decaocto","BNC2",5,10,5,0,0
"1376","Streptopelia decaocto","BNC3",8,10,5,0,1
"1377","Streptopelia decaocto","CHC1",4,10,5,0,0
"1378","Streptopelia decaocto","CHC2",8,10,5,0,0
"1379","Streptopelia decaocto","CHC3",10,10,5,0,1
"1380","Streptopelia decaocto","CHC4",4,10,5,0,1
"1381","Streptopelia decaocto","CHC5",8,10,5,0,0
"1382","Streptopelia decaocto","CHC7",9,10,5,0,0
"1383","Streptopelia decaocto","CHS1",8,10,5,0,1
"1384","Streptopelia decaocto","CHS2",6,10,5,0,0
"1385","Streptopelia decaocto","CHS4",9,10,5,0,1
"1386","Streptopelia decaocto","CHS6",8,10,5,0,0
"1387","Streptopelia decaocto","MDC1",6,10,5,0,1
"1388","Streptopelia decaocto","MDS2",5,10,5,0,1
"1389","Streptopelia decaocto","MDS3",6,10,5,0,0
"1390","Streptopelia decaocto","MDS4",9,10,5,0,0
"1391","Streptopelia decaocto","TTC1",6,10,5,0,1
"1392","Streptopelia decaocto","TTC2",5,10,5,0,0
"1393","Streptopelia decaocto","TTS1",9,10,5,0,1
"1394","Streptopelia decaocto","TTS2",6,10,5,0,0
"1395","Sypheotides indicus","ADS1",0,10,48,1,1
"1396","Sypheotides indicus","ADS3",0,10,48,1,0
"1397","Sypheotides indicus","BD1",0,10,48,1,1
"1398","Sypheotides indicus","BD2",0,10,48,1,0
"1399","Sypheotides indicus","BD6",3,10,48,1,0
"1400","Sypheotides indicus","BDC1",0,10,48,1,1
"1401","Sypheotides indicus","BDC2",0,10,48,1,0
"1402","Sypheotides indicus","BDC3",7,10,48,1,0
"1403","Sypheotides indicus","BDC4",0,10,48,1,0
"1404","Sypheotides indicus","BDC6",0,10,48,1,0
"1405","Sypheotides indicus","BDC8",0,10,48,1,1
"1406","Sypheotides indicus","BN1",0,10,48,1,1
"1407","Sypheotides indicus","BN2",0,10,48,1,0
"1408","Sypheotides indicus","BNC1",0,10,48,1,1
"1409","Sypheotides indicus","BNC2",0,10,48,1,0
"1410","Sypheotides indicus","BNC3",0,10,48,1,1
"1411","Sypheotides indicus","CHC1",0,10,48,1,0
"1412","Sypheotides indicus","CHC2",0,10,48,1,0
"1413","Sypheotides indicus","CHC3",0,10,48,1,1
"1414","Sypheotides indicus","CHC4",0,10,48,1,1
"1415","Sypheotides indicus","CHC5",0,10,48,1,0
"1416","Sypheotides indicus","CHC7",0,10,48,1,0
"1417","Sypheotides indicus","CHS1",0,10,48,1,1
"1418","Sypheotides indicus","CHS2",0,10,48,1,0
"1419","Sypheotides indicus","CHS4",0,10,48,1,1
"1420","Sypheotides indicus","CHS6",0,10,48,1,0
"1421","Sypheotides indicus","MDC1",0,10,48,1,1
"1422","Sypheotides indicus","MDS2",0,10,48,1,1
"1423","Sypheotides indicus","MDS3",0,10,48,1,0
"1424","Sypheotides indicus","MDS4",0,10,48,1,0
"1425","Sypheotides indicus","TTC1",10,10,48,1,1
"1426","Sypheotides indicus","TTC2",0,10,48,1,0
"1427","Sypheotides indicus","TTS1",0,10,48,1,1
"1428","Sypheotides indicus","TTS2",0,10,48,1,0
"1429","Tephrodornis pondicerianus","ADS1",4,10,13,1,1
"1430","Tephrodornis pondicerianus","ADS3",0,10,13,1,0
"1431","Tephrodornis pondicerianus","BD1",6,10,13,1,1
"1432","Tephrodornis pondicerianus","BD2",2,10,13,1,0
"1433","Tephrodornis pondicerianus","BD6",6,10,13,1,0
"1434","Tephrodornis pondicerianus","BDC1",0,10,13,1,1
"1435","Tephrodornis pondicerianus","BDC2",0,10,13,1,0
"1436","Tephrodornis pondicerianus","BDC3",0,10,13,1,0
"1437","Tephrodornis pondicerianus","BDC4",0,10,13,1,0
"1438","Tephrodornis pondicerianus","BDC6",0,10,13,1,0
"1439","Tephrodornis pondicerianus","BDC8",0,10,13,1,1
"1440","Tephrodornis pondicerianus","BN1",3,10,13,1,1
"1441","Tephrodornis pondicerianus","BN2",0,10,13,1,0
"1442","Tephrodornis pondicerianus","BNC1",0,10,13,1,1
"1443","Tephrodornis pondicerianus","BNC2",0,10,13,1,0
"1444","Tephrodornis pondicerianus","BNC3",0,10,13,1,1
"1445","Tephrodornis pondicerianus","CHC1",0,10,13,1,0
"1446","Tephrodornis pondicerianus","CHC2",0,10,13,1,0
"1447","Tephrodornis pondicerianus","CHC3",0,10,13,1,1
"1448","Tephrodornis pondicerianus","CHC4",0,10,13,1,1
"1449","Tephrodornis pondicerianus","CHC5",0,10,13,1,0
"1450","Tephrodornis pondicerianus","CHC7",0,10,13,1,0
"1451","Tephrodornis pondicerianus","CHS1",4,10,13,1,1
"1452","Tephrodornis pondicerianus","CHS2",1,10,13,1,0
"1453","Tephrodornis pondicerianus","CHS4",0,10,13,1,1
"1454","Tephrodornis pondicerianus","CHS6",1,10,13,1,0
"1455","Tephrodornis pondicerianus","MDC1",0,10,13,1,1
"1456","Tephrodornis pondicerianus","MDS2",0,10,13,1,1
"1457","Tephrodornis pondicerianus","MDS3",0,10,13,1,0
"1458","Tephrodornis pondicerianus","MDS4",0,10,13,1,0
"1459","Tephrodornis pondicerianus","TTC1",0,10,13,1,1
"1460","Tephrodornis pondicerianus","TTC2",0,10,13,1,0
"1461","Tephrodornis pondicerianus","TTS1",5,10,13,1,1
"1462","Tephrodornis pondicerianus","TTS2",0,10,13,1,0
"1463","Turdoides malcolmi","ADS1",10,10,1,1,1
"1464","Turdoides malcolmi","ADS3",9,10,1,1,0
"1465","Turdoides malcolmi","BD1",10,10,1,1,1
"1466","Turdoides malcolmi","BD2",9,10,1,1,0
"1467","Turdoides malcolmi","BD6",2,10,1,1,0
"1468","Turdoides malcolmi","BDC1",9,10,1,1,1
"1469","Turdoides malcolmi","BDC2",9,10,1,1,0
"1470","Turdoides malcolmi","BDC3",6,10,1,1,0
"1471","Turdoides malcolmi","BDC4",5,10,1,1,0
"1472","Turdoides malcolmi","BDC6",3,10,1,1,0
"1473","Turdoides malcolmi","BDC8",2,10,1,1,1
"1474","Turdoides malcolmi","BN1",7,10,1,1,1
"1475","Turdoides malcolmi","BN2",7,10,1,1,0
"1476","Turdoides malcolmi","BNC1",7,10,1,1,1
"1477","Turdoides malcolmi","BNC2",9,10,1,1,0
"1478","Turdoides malcolmi","BNC3",8,10,1,1,1
"1479","Turdoides malcolmi","CHC1",10,10,1,1,0
"1480","Turdoides malcolmi","CHC2",10,10,1,1,0
"1481","Turdoides malcolmi","CHC3",9,10,1,1,1
"1482","Turdoides malcolmi","CHC4",8,10,1,1,1
"1483","Turdoides malcolmi","CHC5",6,10,1,1,0
"1484","Turdoides malcolmi","CHC7",5,10,1,1,0
"1485","Turdoides malcolmi","CHS1",10,10,1,1,1
"1486","Turdoides malcolmi","CHS2",7,10,1,1,0
"1487","Turdoides malcolmi","CHS4",8,10,1,1,1
"1488","Turdoides malcolmi","CHS6",4,10,1,1,0
"1489","Turdoides malcolmi","MDC1",8,10,1,1,1
"1490","Turdoides malcolmi","MDS2",4,10,1,1,1
"1491","Turdoides malcolmi","MDS3",9,10,1,1,0
"1492","Turdoides malcolmi","MDS4",9,10,1,1,0
"1493","Turdoides malcolmi","TTC1",6,10,1,1,1
"1494","Turdoides malcolmi","TTC2",2,10,1,1,0
"1495","Turdoides malcolmi","TTS1",9,10,1,1,1
"1496","Turdoides malcolmi","TTS2",4,10,1,1,0
"1497","Turnix Tanki","ADS1",0,10,11,0,1
"1498","Turnix Tanki","ADS3",0,10,11,0,0
"1499","Turnix Tanki","BD1",0,10,11,0,1
"1500","Turnix Tanki","BD2",0,10,11,0,0
"1501","Turnix Tanki","BD6",0,10,11,0,0
"1502","Turnix Tanki","BDC1",0,10,11,0,1
"1503","Turnix Tanki","BDC2",0,10,11,0,0
"1504","Turnix Tanki","BDC3",0,10,11,0,0
"1505","Turnix Tanki","BDC4",6,10,11,0,0
"1506","Turnix Tanki","BDC6",0,10,11,0,0
"1507","Turnix Tanki","BDC8",0,10,11,0,1
"1508","Turnix Tanki","BN1",0,10,11,0,1
"1509","Turnix Tanki","BN2",1,10,11,0,0
"1510","Turnix Tanki","BNC1",0,10,11,0,1
"1511","Turnix Tanki","BNC2",3,10,11,0,0
"1512","Turnix Tanki","BNC3",0,10,11,0,1
"1513","Turnix Tanki","CHC1",0,10,11,0,0
"1514","Turnix Tanki","CHC2",0,10,11,0,0
"1515","Turnix Tanki","CHC3",0,10,11,0,1
"1516","Turnix Tanki","CHC4",3,10,11,0,1
"1517","Turnix Tanki","CHC5",0,10,11,0,0
"1518","Turnix Tanki","CHC7",0,10,11,0,0
"1519","Turnix Tanki","CHS1",0,10,11,0,1
"1520","Turnix Tanki","CHS2",0,10,11,0,0
"1521","Turnix Tanki","CHS4",0,10,11,0,1
"1522","Turnix Tanki","CHS6",1,10,11,0,0
"1523","Turnix Tanki","MDC1",0,10,11,0,1
"1524","Turnix Tanki","MDS2",0,10,11,0,1
"1525","Turnix Tanki","MDS3",8,10,11,0,0
"1526","Turnix Tanki","MDS4",8,10,11,0,0
"1527","Turnix Tanki","TTC1",2,10,11,0,1
"1528","Turnix Tanki","TTC2",4,10,11,0,0
"1529","Turnix Tanki","TTS1",0,10,11,0,1
"1530","Turnix Tanki","TTS2",0,10,11,0,0
"1531","Turnix suscitator","ADS1",0,10,4,0,1
"1532","Turnix suscitator","ADS3",0,10,4,0,0
"1533","Turnix suscitator","BD1",0,10,4,0,1
"1534","Turnix suscitator","BD2",0,10,4,0,0
"1535","Turnix suscitator","BD6",1,10,4,0,0
"1536","Turnix suscitator","BDC1",0,10,4,0,1
"1537","Turnix suscitator","BDC2",0,10,4,0,0
"1538","Turnix suscitator","BDC3",0,10,4,0,0
"1539","Turnix suscitator","BDC4",0,10,4,0,0
"1540","Turnix suscitator","BDC6",0,10,4,0,0
"1541","Turnix suscitator","BDC8",0,10,4,0,1
"1542","Turnix suscitator","BN1",6,10,4,0,1
"1543","Turnix suscitator","BN2",2,10,4,0,0
"1544","Turnix suscitator","BNC1",0,10,4,0,1
"1545","Turnix suscitator","BNC2",0,10,4,0,0
"1546","Turnix suscitator","BNC3",0,10,4,0,1
"1547","Turnix suscitator","CHC1",0,10,4,0,0
"1548","Turnix suscitator","CHC2",0,10,4,0,0
"1549","Turnix suscitator","CHC3",0,10,4,0,1
"1550","Turnix suscitator","CHC4",0,10,4,0,1
"1551","Turnix suscitator","CHC5",0,10,4,0,0
"1552","Turnix suscitator","CHC7",0,10,4,0,0
"1553","Turnix suscitator","CHS1",0,10,4,0,1
"1554","Turnix suscitator","CHS2",0,10,4,0,0
"1555","Turnix suscitator","CHS4",0,10,4,0,1
"1556","Turnix suscitator","CHS6",0,10,4,0,0
"1557","Turnix suscitator","MDC1",2,10,4,0,1
"1558","Turnix suscitator","MDS2",6,10,4,0,1
"1559","Turnix suscitator","MDS3",2,10,4,0,0
"1560","Turnix suscitator","MDS4",5,10,4,0,0
"1561","Turnix suscitator","TTC1",0,10,4,0,1
"1562","Turnix suscitator","TTC2",0,10,4,0,0
"1563","Turnix suscitator","TTS1",2,10,4,0,1
"1564","Turnix suscitator","TTS2",0,10,4,0,0
"1565","Turnix sylvaticus","ADS1",0,10,40,1,1
"1566","Turnix sylvaticus","ADS3",0,10,40,1,0
"1567","Turnix sylvaticus","BD1",0,10,40,1,1
"1568","Turnix sylvaticus","BD2",0,10,40,1,0
"1569","Turnix sylvaticus","BD6",2,10,40,1,0
"1570","Turnix sylvaticus","BDC1",0,10,40,1,1
"1571","Turnix sylvaticus","BDC2",0,10,40,1,0
"1572","Turnix sylvaticus","BDC3",5,10,40,1,0
"1573","Turnix sylvaticus","BDC4",0,10,40,1,0
"1574","Turnix sylvaticus","BDC6",0,10,40,1,0
"1575","Turnix sylvaticus","BDC8",7,10,40,1,1
"1576","Turnix sylvaticus","BN1",0,10,40,1,1
"1577","Turnix sylvaticus","BN2",0,10,40,1,0
"1578","Turnix sylvaticus","BNC1",6,10,40,1,1
"1579","Turnix sylvaticus","BNC2",0,10,40,1,0
"1580","Turnix sylvaticus","BNC3",4,10,40,1,1
"1581","Turnix sylvaticus","CHC1",0,10,40,1,0
"1582","Turnix sylvaticus","CHC2",0,10,40,1,0
"1583","Turnix sylvaticus","CHC3",6,10,40,1,1
"1584","Turnix sylvaticus","CHC4",1,10,40,1,1
"1585","Turnix sylvaticus","CHC5",0,10,40,1,0
"1586","Turnix sylvaticus","CHC7",6,10,40,1,0
"1587","Turnix sylvaticus","CHS1",0,10,40,1,1
"1588","Turnix sylvaticus","CHS2",0,10,40,1,0
"1589","Turnix sylvaticus","CHS4",3,10,40,1,1
"1590","Turnix sylvaticus","CHS6",0,10,40,1,0
"1591","Turnix sylvaticus","MDC1",8,10,40,1,1
"1592","Turnix sylvaticus","MDS2",0,10,40,1,1
"1593","Turnix sylvaticus","MDS3",1,10,40,1,0
"1594","Turnix sylvaticus","MDS4",0,10,40,1,0
"1595","Turnix sylvaticus","TTC1",5,10,40,1,1
"1596","Turnix sylvaticus","TTC2",0,10,40,1,0
"1597","Turnix sylvaticus","TTS1",0,10,40,1,1
"1598","Turnix sylvaticus","TTS2",0,10,40,1,0
"1599","Vanellus indicus","ADS1",5,10,7,1,1
"1600","Vanellus indicus","ADS3",1,10,7,1,0
"1601","Vanellus indicus","BD1",10,10,7,1,1
"1602","Vanellus indicus","BD2",5,10,7,1,0
"1603","Vanellus indicus","BD6",1,10,7,1,0
"1604","Vanellus indicus","BDC1",4,10,7,1,1
"1605","Vanellus indicus","BDC2",5,10,7,1,0
"1606","Vanellus indicus","BDC3",1,10,7,1,0
"1607","Vanellus indicus","BDC4",2,10,7,1,0
"1608","Vanellus indicus","BDC6",0,10,7,1,0
"1609","Vanellus indicus","BDC8",1,10,7,1,1
"1610","Vanellus indicus","BN1",6,10,7,1,1
"1611","Vanellus indicus","BN2",2,10,7,1,0
"1612","Vanellus indicus","BNC1",1,10,7,1,1
"1613","Vanellus indicus","BNC2",4,10,7,1,0
"1614","Vanellus indicus","BNC3",3,10,7,1,1
"1615","Vanellus indicus","CHC1",5,10,7,1,0
"1616","Vanellus indicus","CHC2",4,10,7,1,0
"1617","Vanellus indicus","CHC3",2,10,7,1,1
"1618","Vanellus indicus","CHC4",0,10,7,1,1
"1619","Vanellus indicus","CHC5",5,10,7,1,0
"1620","Vanellus indicus","CHC7",1,10,7,1,0
"1621","Vanellus indicus","CHS1",6,10,7,1,1
"1622","Vanellus indicus","CHS2",6,10,7,1,0
"1623","Vanellus indicus","CHS4",1,10,7,1,1
"1624","Vanellus indicus","CHS6",5,10,7,1,0
"1625","Vanellus indicus","MDC1",1,10,7,1,1
"1626","Vanellus indicus","MDS2",3,10,7,1,1
"1627","Vanellus indicus","MDS3",0,10,7,1,0
"1628","Vanellus indicus","MDS4",2,10,7,1,0
"1629","Vanellus indicus","TTC1",1,10,7,1,1
"1630","Vanellus indicus","TTC2",2,10,7,1,0
"1631","Vanellus indicus","TTS1",7,10,7,1,1
"1632","Vanellus indicus","TTS2",2,10,7,1,0
"1633","Vanellus malabaricus","ADS1",3,10,24,1,1
"1634","Vanellus malabaricus","ADS3",0,10,24,1,0
"1635","Vanellus malabaricus","BD1",0,10,24,1,1
"1636","Vanellus malabaricus","BD2",9,10,24,1,0
"1637","Vanellus malabaricus","BD6",0,10,24,1,0
"1638","Vanellus malabaricus","BDC1",0,10,24,1,1
"1639","Vanellus malabaricus","BDC2",0,10,24,1,0
"1640","Vanellus malabaricus","BDC3",0,10,24,1,0
"1641","Vanellus malabaricus","BDC4",0,10,24,1,0
"1642","Vanellus malabaricus","BDC6",0,10,24,1,0
"1643","Vanellus malabaricus","BDC8",0,10,24,1,1
"1644","Vanellus malabaricus","BN1",0,10,24,1,1
"1645","Vanellus malabaricus","BN2",1,10,24,1,0
"1646","Vanellus malabaricus","BNC1",0,10,24,1,1
"1647","Vanellus malabaricus","BNC2",0,10,24,1,0
"1648","Vanellus malabaricus","BNC3",0,10,24,1,1
"1649","Vanellus malabaricus","CHC1",0,10,24,1,0
"1650","Vanellus malabaricus","CHC2",0,10,24,1,0
"1651","Vanellus malabaricus","CHC3",0,10,24,1,1
"1652","Vanellus malabaricus","CHC4",0,10,24,1,1
"1653","Vanellus malabaricus","CHC5",0,10,24,1,0
"1654","Vanellus malabaricus","CHC7",0,10,24,1,0
"1655","Vanellus malabaricus","CHS1",0,10,24,1,1
"1656","Vanellus malabaricus","CHS2",0,10,24,1,0
"1657","Vanellus malabaricus","CHS4",0,10,24,1,1
"1658","Vanellus malabaricus","CHS6",1,10,24,1,0
"1659","Vanellus malabaricus","MDC1",0,10,24,1,1
"1660","Vanellus malabaricus","MDS2",2,10,24,1,1
"1661","Vanellus malabaricus","MDS3",0,10,24,1,0
"1662","Vanellus malabaricus","MDS4",0,10,24,1,0
"1663","Vanellus malabaricus","TTC1",0,10,24,1,1
"1664","Vanellus malabaricus","TTC2",0,10,24,1,0
"1665","Vanellus malabaricus","TTS1",0,10,24,1,1
"1666","Vanellus malabaricus","TTS2",0,10,24,1,0
